,first_name,last_name,email,gender,DOB
0,Henrik,Mouton,hmouton4f@qq.com,Male,18/03/1986
1,Sam,Voyce,svoyce9b@microsoft.com,Female,1990/11/27
2,Pete,O'Caine,pocaineas@adobe.com,Male,06-Feb-1993
3,Harlan,Ludwell,hludwell7f@simplemachines.org,Male,15-Jun-1995
4,Reade,Glasper,rglasper6s@ox.ac.uk,Male,09-May-1996
6,Irvine,Looby,ilooby7f@usda.gov,Male,15/10/1987
8,Rog,Yerrall,ryerrallk@so-net.ne.jp,Male,24-Feb-1985
9,Sancho,Clines,sclines17@about.me,Male,11-Feb-1990
10,Joanna,Coghlin,jcoghlin4z@twitpic.com,Female,09-Jun-1987
11,Bronny,Loveard,bloveard80@theguardian.com,Male,25/06/1988
12,Laurens,Elphick,lelphick2x@g.co,Male,18-Jun-1991
13,Tanitansy,Pylkynyton,tpylkynyton9i@over-blog.com,Female,18-Jun-1987
14,Anna-diana,Ratray,aratray42@spiegel.de,Female,28/08/1989
15,Sinclare,Birks,sbirks72@instagram.com,Male,1991/04/05
16,Osbourn,Heeks,oheeksao@slashdot.org,Male,04/12/1997
17,Herta,Commucci,hcommucci9h@nyu.edu,Female,21/10/1991
18,Irwinn,Bramer,ibramer4r@ning.com,Male,1998/05/16
19,Cammi,Geaves,cgeaves4o@shareasale.com,Female,28/10/1989
20,Leonidas,St. Quintin,lstquintin2e@rediff.com,Male,11/03/1995
21,Osborn,Northin,onorthin8e@nydailynews.com,Male,20-Nov-1996
22,Binny,Masse,bmasse3p@imageshack.us,Female,13/07/1997
23,Wilow,Tointon,wtointone@moonfruit.com,Female,14/06/1992
24,Chance,Nerval,cnerval9r@deliciousdays.com,Male,08-May-1994
25,Nataniel,Knights,nknights1o@ibm.com,Male,01-Apr-1996
26,Kip,Pinney,kpinney1y@fda.gov,Male,28-Jul-1996
27,Aridatha,Aitchinson,aaitchinson9v@msu.edu,Female,1986/05/11
28,Prescott,Twiddy,ptwiddy3g@oakley.com,Male,09/11/1996
29,Ring,Flaxman,rflaxman4j@acquirethisname.com,Male,25-Apr-1991
30,Jillian,Hawksley,jhawksley4@nba.com,Female,10-Jan-1988
31,Mylo,Najafian,mnajafian74@latimes.com,Male,24-Nov-1985
32,Aluin,Cops,acopsal@hc360.com,Male,1990/01/25
33,Sancho,Newlove,snewlove4r@bloomberg.com,Male,24/12/1995
34,Royall,McDaid,rmcdaid6z@naver.com,Male,02/11/1993
35,Nicki,Balog,nbalogd0@china.com.cn,Female,07-Jul-1991
36,Sarah,Sandwith,ssandwithcd@reuters.com,Female,15/01/1989
37,Joletta,Buxsey,jbuxsey2x@bloglovin.com,Female,1997/05/24
39,Thaddeus,Covil,tcovil6t@jigsy.com,Male,23-Oct-1996
40,Nanette,Eliff,neliffd8@exblog.jp,Female,27-Mar-1999
41,Cherlyn,Earp,cearp45@e-recht24.de,Female,21-Sep-1998
42,Bud,Yerill,byerill70@spotify.com,Male,06-May-1992
43,Nobe,Mantrip,nmantrip7w@stanford.edu,Male,27-Oct-1996
44,Roshelle,Reinert,rreinert7r@princeton.edu,Female,24/06/1998
45,Donall,Corter,dcorterct@hud.gov,Male,1989/10/29
46,Silvano,Tomaselli,stomaselli3h@unicef.org,Male,1994/03/23
47,Angeline,Burtenshaw,aburtenshaw5n@miibeian.gov.cn,Female,1985/07/15
48,Kin,Stovell,kstovell6b@ibm.com,Male,10-Oct-1985
50,Estrellita,Chapple,echapple7h@youtube.com,Female,13/09/1999
52,Lia,Raoult,lraoultcw@washington.edu,Female,15-Oct-1998
53,Marchelle,Setchfield,msetchfield3b@purevolume.com,Female,19/07/1998
54,Nikolas,Westraw,nwestrawa@ehow.com,Male,10/01/1993
56,Alanson,Jeannon,ajeannondh@google.com.au,Male,29-Jun-1994
57,Ange,Somers,asomerscb@cloudflare.com,Female,1998/11/07
58,Harrie,Kinker,hkinker3m@adobe.com,Female,17-Sep-1991
59,Blair,Lindbergh,blindbergh2l@reference.com,Male,1991/12/21
60,Junette,Basilio,jbasilio1a@storify.com,Female,1985/10/26
61,Meredeth,Hasnney,mhasnney5u@ycombinator.com,Male,1988/10/25
62,Lars,Cunde,lcunde96@businessweek.com,Male,1996/06/13
63,Harrietta,Hatherley,hhatherleyde@unblog.fr,Female,1995/10/05
64,Jessy,Robeiro,jrobeiro56@usgs.gov,Female,25-Feb-1997
65,Rafaela,Lycett,rlycettq@tmall.com,Female,1995/10/30
66,Dalila,Huetson,dhuetson16@flavors.me,Female,1987/01/02
67,Torry,Vlach,tvlach7n@mail.ru,Male,23-Aug-1992
68,Cleavland,Rathbone,crathbone6x@cargocollective.com,Male,27/07/1987
69,Lars,Couvert,lcouvert2k@foxnews.com,Male,17-Apr-1996
70,Solly,McLoney,smcloneydn@google.com,Male,1985/06/14
71,Zuzana,Shayes,zshayesab@yelp.com,Female,1998/08/15
72,Darsie,Beadnall,dbeadnallba@wikimedia.org,Female,23-Apr-1988
73,Tull,Luetchford,tluetchford2f@bloomberg.com,Male,03-Aug-1998
74,Mavra,Stamp,mstampag@chronoengine.com,Female,1996/06/11
75,Emmerich,Bury,ebury49@wikimedia.org,Male,17-May-1990
76,Leonidas,McJarrow,lmcjarrowdl@drupal.org,Male,02/04/1995
77,Arlen,Nertney,anertney7x@simplemachines.org,Male,25/06/1995
78,Raddy,Blanc,rblanc73@newyorker.com,Male,14-Jul-1990
80,Ban,Massimi,bmassimi5j@time.com,Male,1998/02/04
81,Ev,Petrazzi,epetrazzi28@un.org,Male,13/08/1995
82,Alair,Cornelisse,acornelisse63@zimbio.com,Male,16-Jun-1986
83,Mathilde,Mold,mmoldap@statcounter.com,Female,1989/08/15
84,Blanca,Corkell,bcorkell7c@purevolume.com,Female,03/08/1986
85,Marina,Heselwood,mheselwood4e@list-manage.com,Female,1993/09/17
86,Winfred,Fosher,wfosher7u@acquirethisname.com,Male,18-Apr-1989
87,Saw,Dobby,sdobby4r@scientificamerican.com,Male,27-Oct-1991
88,Bianka,Pack,bpack6r@infoseek.co.jp,Female,03/03/1990
89,Nettie,Orton,norton7f@mail.ru,Female,1993/12/01
90,Kirbee,Devonshire,kdevonshirect@issuu.com,Female,12-Nov-1994
91,Arne,Nix,anix8e@seattletimes.com,Male,1994/12/04
92,Arny,Huburn,ahuburn97@1und1.de,Male,13/07/1993
93,Teresa,Pringuer,tpringuer5m@webeden.co.uk,Female,1995/02/27
94,Cindra,Arnholz,carnholzy@ed.gov,Female,30/03/1998
95,Danita,Solly,dsolly4a@bravesites.com,Female,31-Oct-1998
96,Perry,Coslett,pcoslett5i@mac.com,Female,26-Aug-1994
97,Charmain,Canwell,ccanwell1j@europa.eu,Female,1988/02/20
98,Glenda,Trewhella,gtrewhellabs@globo.com,Female,30-Mar-1997
99,Sinclair,Landells,slandells9r@harvard.edu,Male,1993/09/25
100,Babbette,Clogg,bclogg64@bloglines.com,Female,26-Feb-1989
101,Karalee,Hurle,khurle7m@wikimedia.org,Female,04-Aug-1995
103,Cyrillus,Gulk,cgulk6d@google.co.jp,Male,18/11/1994
105,Sylvester,Sadlier,ssadlier9o@barnesandnoble.com,Male,1987/07/05
106,Izzy,Di Maria,idimaria4w@whitehouse.gov,Male,1991/09/07
107,Abbie,Seligson,aseligson7p@hud.gov,Male,1998/11/13
108,Elspeth,Clinch,eclinch7b@tinypic.com,Female,11/09/1995
109,Oliviero,Mountney,omountneyba@meetup.com,Male,1992/04/12
112,Venita,Managh,vmanagh7q@dropbox.com,Female,15/12/1989
113,Moreen,Kimble,mkimbleaq@sun.com,Female,1993/12/21
114,Stanislaw,Schenfisch,sschenfisch4e@auda.org.au,Male,31/03/1994
115,Shannah,Orfeur,sorfeur3e@google.com.hk,Female,1992/02/15
116,Matt,Eastes,meastes47@godaddy.com,Male,06-Oct-1993
117,Alexandre,Sparey,aspareyda@unesco.org,Male,05/10/1986
118,Madlen,Tregunnah,mtregunnahan@usa.gov,Female,18-Dec-1996
119,Burr,Akaster,bakaster6a@springer.com,Male,1987/05/01
120,Ray,Spurnier,rspurnier8u@umn.edu,Female,10-Jan-1993
121,Rosana,Beilby,rbeilby2z@japanpost.jp,Female,23/02/1992
122,Marlon,Jakubovsky,mjakubovsky6p@plala.or.jp,Male,1986/07/10
123,Albrecht,Petrashov,apetrashov5o@e-recht24.de,Male,20-Apr-1985
125,Jeremiah,Aucott,jaucottaj@indiatimes.com,Male,05/03/1989
126,Jolee,Molineux,jmolineux5u@zimbio.com,Female,28-Feb-1993
128,Jeffie,Lias,jliasae@ocn.ne.jp,Male,25-Jan-1998
129,Renata,Benezet,rbenezet9i@storify.com,Female,1996/01/10
130,Tonye,Stopford,tstopford9l@cnbc.com,Female,13-Nov-1985
131,Jessamine,Pledge,jpledge9z@vistaprint.com,Female,1990/10/10
132,Neille,Amsden,namsden5i@amazon.co.uk,Female,30/05/1999
133,Felizio,Davydzenko,fdavydzenkoad@devhub.com,Male,15-Jun-1995
134,Bryanty,McLaggan,bmclaggan60@elpais.com,Male,1997/01/23
135,Connie,Kirrens,ckirrens6y@usa.gov,Male,25-Dec-1990
136,Gerome,Markie,gmarkie9e@wp.com,Male,24-Feb-1988
137,Jasun,Gammel,jgammeldq@goo.ne.jp,Male,17/12/1994
138,Phillida,Candlish,pcandlisha6@tiny.cc,Female,29-Aug-1997
139,Asa,Wear,awear13@bandcamp.com,Male,25-Oct-1997
140,Tanny,Kindleysides,tkindleysidescp@pbs.org,Male,1992/06/21
141,Paolina,Guirard,pguirard1e@infoseek.co.jp,Female,1992/03/13
142,Margalit,Raffles,mraffles38@domainmarket.com,Female,07-Nov-1995
145,Nannette,Arlett,narlett9f@istockphoto.com,Female,20-Apr-1988
146,Abbye,Howsego,ahowsego72@hatena.ne.jp,Female,01/04/1994
147,Codi,Harp,charpdm@nasa.gov,Female,22/05/1989
148,Niki,Frankling,nfranklinga9@phoca.cz,Female,30-May-1992
150,Gert,Marusic,gmarusicb0@whitehouse.gov,Female,21/10/1998
151,Ivette,Lavalle,ilavalle8q@cnet.com,Female,19-Nov-1986
152,Thorndike,Blanche,tblanche8@auda.org.au,Male,1997/08/20
153,Winnie,Conley,wconley9y@salon.com,Male,07/12/1999
154,Pam,Shingles,pshingles39@wordpress.org,Female,25/12/1991
155,Julee,Tripon,jtripondi@time.com,Female,1998/09/27
156,Hedvige,Frame,hframe77@shop-pro.jp,Female,1989/09/03
157,Angelo,Gelsthorpe,agelsthorpe3o@prweb.com,Male,26/09/1986
158,De,Vasyutochkin,dvasyutochkinds@indiatimes.com,Female,08/08/1995
159,Brandy,Osborn,bosborn1x@t.co,Male,1992/07/28
160,Donny,Bottrell,dbottrellw@163.com,Male,1991/11/28
161,Salomo,Beaulieu,sbeaulieu1z@mozilla.org,Male,19-Dec-1997
162,Gilberte,Giacopini,ggiacopinim@surveymonkey.com,Female,14/05/1996
163,Bobinette,Stiebler,bstiebleral@taobao.com,Female,12/04/1993
164,Eddi,Ruddiforth,eruddiforths@hexun.com,Female,13-Sep-1986
165,Demetra,Vawton,dvawton13@epa.gov,Female,22/09/1986
166,Alma,Cuerda,acuerda9t@jigsy.com,Female,1993/01/11
167,Grace,Thunnercliff,gthunnercliff8l@macromedia.com,Male,05/06/1989
168,Nerti,Tripean,ntripean1s@gov.uk,Female,1990/08/07
169,Essa,Phython,ephython5j@freewebs.com,Female,09/10/1990
170,Mohammed,Mawby,mmawby20@google.es,Male,28-Jul-1986
171,Jan,Aspden,jaspden7g@technorati.com,Female,23/11/1988
172,Holli,Mc Menamin,hmcmenamin76@samsung.com,Female,23/04/1999
173,Orran,Paintain,opaintain57@google.es,Male,13/02/1998
174,Park,Kmieciak,pkmieciakb3@blogtalkradio.com,Male,04/08/1992
175,Stephen,Brugman,sbrugmanbj@domainmarket.com,Male,16/07/1994
176,Sadie,Woodburne,swoodburne4c@redcross.org,Female,15-Dec-1993
177,Angel,Ings,aingsco@irs.gov,Female,27/05/1985
178,Emmaline,While,ewhileab@vkontakte.ru,Female,26/02/1987
179,Bil,Pinilla,bpinilla7g@cisco.com,Male,1997/04/26
180,Vita,Hamblin,vhamblinc8@networkadvertising.org,Female,1998/06/27
182,Ernesta,Durtnell,edurtnell9k@telegraph.co.uk,Female,1990/06/13
183,Benjamen,Syde,bsydecd@engadget.com,Male,1989/07/31
184,Thea,Tedridge,ttedridge8d@wufoo.com,Female,03/07/1997
185,Urbanus,Perrat,uperrat8q@clickbank.net,Male,1987/06/17
186,Kaye,Caddan,kcaddan5k@washington.edu,Female,14/08/1996
187,Sadella,Crasford,scrasford68@narod.ru,Female,08/08/1999
188,Filippo,Castellucci,fcastellucci3s@samsung.com,Male,18/03/1992
189,Beth,Ozelton,bozelton8x@netlog.com,Female,1999/04/15
190,Padriac,Bennit,pbennitci@narod.ru,Male,1989/12/01
191,Raeann,Hodgin,rhodginb7@ocn.ne.jp,Female,18-Oct-1987
192,Roderigo,Kiddey,rkiddeyc@wired.com,Male,1993/05/18
194,Veronique,Cridlin,vcridlin2l@angelfire.com,Female,23-Feb-1993
195,Mill,O'Deoran,modeoran4q@cbslocal.com,Male,24/08/1990
196,Aristotle,Menichelli,amenichellit@businessinsider.com,Male,27-Aug-1991
198,Barri,Trelease,btrelease4b@ibm.com,Male,28/11/1995
199,Harvey,Newns,hnewns9@w3.org,Male,03/04/1995
200,Lorry,Barends,lbarends2j@youtu.be,Female,16-Aug-1999
201,Daniella,Peppett,dpeppett34@seesaa.net,Female,06-Apr-1997
203,Page,Newey,pneweycy@baidu.com,Male,17-Sep-1996
205,Cissiee,Philott,cphilottbx@yahoo.co.jp,Female,1999/07/25
206,Taryn,Marvel,tmarvel9a@go.com,Female,1999/04/04
207,Collen,Pinwell,cpinwell1@multiply.com,Female,05-Jan-1988
210,Geoffrey,Avery,gaveryb3@imageshack.us,Male,05-Dec-1989
211,Sasha,Gergus,sgergus4k@newyorker.com,Female,1994/07/01
212,Petronille,Pollard,ppollard6b@businessweek.com,Female,1996/09/01
213,Joane,Viveash,jviveashcm@time.com,Female,28/04/1992
214,Wilhelm,Welfair,wwelfair4m@baidu.com,Male,1990/12/02
215,Ezra,Collcott,ecollcottv@boston.com,Male,11/12/1992
216,Gerrard,Lothean,glotheanad@nydailynews.com,Male,26/11/1986
217,Sabina,Saggs,ssaggs9d@cocolog-nifty.com,Female,1993/03/04
218,Hilliard,Falkner,hfalkner1w@php.net,Male,1998/12/01
219,Ida,Sandey,isandey64@sun.com,Female,1986/03/31
222,Julius,Petzold,jpetzold7p@sourceforge.net,Male,24-Dec-1994
223,Burton,Breagan,bbreagan8s@nhs.uk,Male,07/11/1985
225,Kaile,Morot,kmorot7i@bing.com,Female,1990/02/15
226,Dyna,Messiter,dmessiter4o@uiuc.edu,Female,1992/06/26
227,Waylin,Burrow,wburrow6j@usatoday.com,Male,26/03/1988
228,Gerry,Jauncey,gjauncey9r@businesswire.com,Female,24/01/1987
229,Kinny,Milam,kmilam3v@nationalgeographic.com,Male,10/12/1993
230,Natassia,Stichel,nstichelcs@deviantart.com,Female,22/02/1986
232,Bobinette,Bigby,bbigby5k@webeden.co.uk,Female,05-Dec-1990
233,Leticia,Manske,lmanske8l@nasa.gov,Female,01-Dec-1987
234,Thaxter,Block,tblockab@netvibes.com,Male,06-Jan-1991
235,Gillian,Belliard,gbelliard5m@thetimes.co.uk,Female,23/12/1986
236,Brooke,Windaybank,bwindaybank33@w3.org,Male,27/10/1988
237,Linea,Ternouth,lternouth7e@fc2.com,Female,12/06/1995
238,Rodge,Padson,rpadsonu@cdc.gov,Male,1996/09/05
239,Querida,Sisson,qsissoncr@dailymail.co.uk,Female,20-Apr-1996
240,Kerrill,Synnott,ksynnott6d@wunderground.com,Female,28-Sep-1985
241,Peadar,Warren,pwarren3j@netscape.com,Male,02/05/1989
242,Even,Grievson,egrievson3n@tinypic.com,Male,30/08/1996
243,Powell,Jessope,pjessopebq@gnu.org,Male,1990/08/27
244,Ansell,Flowith,aflowith31@drupal.org,Male,1989/07/03
245,Ned,Delamere,ndelamere99@accuweather.com,Male,03-Dec-1996
246,Roxana,Gyenes,rgyenesa1@mac.com,Female,17/08/1993
247,Jasmine,Itter,jitter69@nbcnews.com,Female,14/02/1990
248,Effie,Cisco,eciscob3@ocn.ne.jp,Female,1998/03/29
249,Pembroke,Littler,plittler6c@mediafire.com,Male,29-Dec-1986
250,Morna,Buey,mbueya1@infoseek.co.jp,Female,1991/04/10
251,Alexander,Podbury,apodbury6n@goo.ne.jp,Male,1994/03/11
252,Clem,Pellitt,cpellitt7e@xrea.com,Male,09-Mar-1991
253,Eveline,Joriot,ejoriotl@state.gov,Female,21/07/1990
254,Swen,MacIllrick,smacillrick4p@gmpg.org,Male,10-Jul-1998
255,Levi,Vankeev,lvankeev1z@reuters.com,Male,1998/11/27
257,Pen,Rivard,privard7y@lulu.com,Female,10-Jul-1994
258,Tam,Turnbull,tturnbullbh@statcounter.com,Male,22/04/1987
260,Osbourn,Huston,ohuston2q@yahoo.co.jp,Male,1985/05/02
261,Karole,Van der Baaren,kvanderbaarenx@ameblo.jp,Female,19-Oct-1990
262,Mathilda,Persey,mperseyf@state.gov,Female,1987/11/04
263,Petronia,Gilhooley,pgilhooley7m@yellowpages.com,Female,1988/11/07
264,Isaac,Houselee,ihouseleedj@unc.edu,Male,20-Sep-1987
265,Wright,Sprowson,wsprowsonas@java.com,Male,1998/07/18
266,Rob,Gartland,rgartland91@networksolutions.com,Male,17/12/1989
267,Kerianne,O'Hoey,kohoey82@oaic.gov.au,Female,1986/04/02
268,Alaster,Lattimore,alattimore21@ted.com,Male,10/02/1996
269,Isak,Sikorsky,isikorsky5b@discuz.net,Male,31/05/1988
270,Kenneth,Loveguard,kloveguardcf@ocn.ne.jp,Male,1991/07/14
271,Lem,Ledamun,lledamun74@joomla.org,Male,1994/06/06
272,Eal,Gresser,egressera6@tmall.com,Male,1986/03/08
273,Roxanne,Dewberry,rdewberry7t@google.co.jp,Female,14/12/1998
274,Myles,Calbert,mcalbert95@wikipedia.org,Male,1988/03/18
275,Victor,Emery,vemery67@linkedin.com,Male,1991/03/11
276,Bent,Blindmann,bblindmann18@cpanel.net,Male,05-Feb-1995
278,Fanchon,Bounde,fbounde2x@ebay.co.uk,Female,22/08/1987
279,Carin,Core,ccore2d@shinystat.com,Female,07-Oct-1988
281,Tobe,Waylen,twaylen80@yale.edu,Male,1988/12/03
283,Henderson,Dunston,hdunston9s@japanpost.jp,Male,1985/03/18
284,Tanney,Mogra,tmogra6i@hugedomains.com,Male,26-Feb-1996
285,Lanie,Quinnelly,lquinnelly29@huffingtonpost.com,Female,1985/09/09
286,Elizabet,Plimmer,eplimmer4y@time.com,Female,20/09/1986
288,Rafaello,Beatey,rbeateyaj@mashable.com,Male,10-Jul-1987
289,Mortimer,Sherratt,msherratt2@purevolume.com,Male,07/06/1991
290,Tallia,Newens,tnewensbk@walmart.com,Female,07-Sep-1991
291,Cheston,Zamora,czamora33@etsy.com,Male,1987/03/18
292,Helen,Brik,hbrik47@smh.com.au,Female,1993/04/15
293,Chris,Chatteris,cchatteris2e@diigo.com,Male,03-Mar-1990
294,Martainn,Phizacklea,mphizacklea1c@yahoo.com,Male,1988/09/12
295,Kandy,Ogley,kogley28@skyrock.com,Female,04-Sep-1998
296,Elvera,Kear,ekear12@bizjournals.com,Female,1992/12/13
297,Scott,Kender,skender8x@chronoengine.com,Male,21-Aug-1998
300,Clem,Shervil,cshervila2@unblog.fr,Female,13/05/1985
301,Marie,Wanderschek,mwanderschek7s@goo.ne.jp,Female,22/07/1990
302,Aaren,Pengilly,apengilly40@t.co,Female,10/08/1995
303,Jo-ann,Le Grice,jlegriceau@dropbox.com,Female,1993/11/27
304,Jaine,Taborre,jtaborreau@latimes.com,Female,12/07/1986
305,Anastasie,Itzhayek,aitzhayek3x@yandex.ru,Female,1998/01/28
306,Margette,Barkus,mbarkusd9@smh.com.au,Female,03-Jan-1998
307,Fitz,Woolf,fwoolf1o@hp.com,Male,26/02/1995
309,Chandler,Bowerbank,cbowerbank64@blinklist.com,Male,31/08/1988
310,Angie,Burtt,aburtt9d@statcounter.com,Male,09/05/1999
311,Manolo,Guyver,mguyver9@cyberchimps.com,Male,1993/10/12
312,Mira,Kegg,mkeggcg@last.fm,Female,29/02/1988
313,Rossie,Di Matteo,rdimatteo9t@qq.com,Male,28/03/1999
315,Bertie,Dufall,bdufalldh@amazonaws.com,Female,1996/03/21
316,Harley,Scurfield,hscurfield1b@biblegateway.com,Male,22/12/1991
317,Eudora,Paris,eparisc3@jalbum.net,Female,20-Jul-1994
319,Gussy,Devas,gdevas9z@gravatar.com,Female,29/04/1992
320,Barrie,Shemilt,bshemilta3@google.ca,Female,21/12/1998
321,Minda,Jobbing,mjobbing3u@noaa.gov,Female,29/03/1986
322,Mary,Chatteris,mchatteris2s@gizmodo.com,Female,1991/12/10
323,Novelia,Philliskirk,nphilliskirk7q@phpbb.com,Female,10-Feb-1999
326,Willie,Blaszczak,wblaszczak56@auda.org.au,Male,14/10/1998
327,Janelle,Calway,jcalway5n@lulu.com,Female,02-Nov-1995
328,Louie,Skoggings,lskoggings1d@wordpress.com,Male,1999/11/06
329,Osmond,Whithalgh,owhithalghf@oaic.gov.au,Male,09/07/1985
330,Esteban,Yarnold,eyarnoldp@ezinearticles.com,Male,1986/09/10
332,Ky,Coldrick,kcoldrick29@1und1.de,Male,25/12/1996
333,Florence,Hansmann,fhansmann2w@army.mil,Female,27/07/1992
336,Brina,Goricke,bgorickeb4@livejournal.com,Female,18/04/1996
337,Whittaker,Borit,wboritdm@hp.com,Male,1986/05/12
338,Tessy,Winterflood,twinterfloodav@fotki.com,Female,07/03/1994
339,Harold,Crockley,hcrockley9o@behance.net,Male,31-Aug-1992
340,Laney,Kincla,lkinclacg@unicef.org,Female,12-Nov-1992
341,Barbara-anne,Sanday,bsanday6g@flavors.me,Female,1985/05/15
342,Candis,Heinle,cheinle48@bizjournals.com,Female,10-Dec-1998
343,Alexis,Flade,aflade3s@nifty.com,Male,29-Aug-1989
344,Addy,Antonik,aantonikbv@friendfeed.com,Male,30/10/1986
346,Waldemar,Tumielli,wtumielli22@4shared.com,Male,03-Apr-1998
347,Milt,Traves,mtravesd3@oaic.gov.au,Male,1996/09/30
348,Latrina,Greaves,lgreaves7s@mayoclinic.com,Female,13-Feb-1986
349,Patric,Reading,preadingdk@opera.com,Male,14/02/1998
350,Hazel,Thon,hthon7r@tamu.edu,Male,13-May-1994
351,Jemima,Spadaro,jspadaro8h@cnbc.com,Female,10/11/1985
352,Flossi,Foreman,fforeman3k@cisco.com,Female,1995/02/10
353,Lombard,Trunkfield,ltrunkfieldc@ebay.co.uk,Male,28/10/1985
354,Korey,Ing,kingb4@princeton.edu,Male,1998/10/07
356,Adrien,Diament,adiament1w@illinois.edu,Male,02/04/1987
357,Susann,Gieves,sgieves87@oaic.gov.au,Female,1996/01/26
358,Dniren,Frondt,dfrondt9n@blogs.com,Female,15/04/1999
359,Billi,Latter,blatter43@reverbnation.com,Female,1986/08/01
360,Lucia,Whitwell,lwhitwelldr@soundcloud.com,Female,1996/11/26
362,Marsh,O' Loughran,moloughrand6@posterous.com,Male,07/04/1999
363,Wally,Blaver,wblaver4w@ask.com,Male,23-Nov-1988
365,Prescott,Scotcher,pscotcher81@barnesandnoble.com,Male,1986/01/16
366,Keeley,McGraw,kmcgraw52@hud.gov,Female,1992/02/19
367,Devon,Popley,dpopleyd@e-recht24.de,Female,12-Feb-1988
369,Willey,Lavers,wlavers8w@weebly.com,Male,22-Oct-1987
370,Kylie,Hambly,khamblyd6@craigslist.org,Male,1999/09/27
372,Adams,Scurrell,ascurrells@go.com,Male,1996/09/03
373,Janis,Southouse,jsouthousecv@tmall.com,Female,02/10/1987
374,Lauryn,Hencke,lhencke90@ucsd.edu,Female,21/11/1999
375,Truda,Teresa,tteresa32@howstuffworks.com,Female,1989/01/30
376,Vere,Joysey,vjoysey39@nba.com,Female,18-Apr-1985
377,Corinne,Pegden,cpegden1p@answers.com,Female,10-Dec-1985
378,Barri,Danzey,bdanzey4p@bloglines.com,Male,06/06/1991
379,Allys,Bottoner,abottoner4g@cargocollective.com,Female,1998/08/01
382,Janeczka,Dunford,jdunford6u@free.fr,Female,03/08/1997
383,Shannah,Morales,smorales9j@shareasale.com,Female,20/02/1995
384,Townie,Tome,ttome6v@feedburner.com,Male,29/08/1996
385,Cordelia,Hugnin,chugnin6k@amazon.com,Female,14/01/1990
386,Janene,Agge,jaggeca@dion.ne.jp,Female,1997/08/13
388,Nataline,Kempshall,nkempshall1v@posterous.com,Female,09/06/1989
389,Claudianus,Saffell,csaffelldu@exblog.jp,Male,01-Mar-1997
390,Kim,Mellmer,kmellmerat@youku.com,Female,1991/08/15
391,Elliott,McCahill,emccahillq@canalblog.com,Male,06-Dec-1994
392,Orsa,Kerkham,okerkham2e@symantec.com,Female,1997/02/05
393,Anthiathia,Blinkhorn,ablinkhorn1k@chronoengine.com,Female,01/04/1995
394,Wendall,Brotherick,wbrotherickag@utexas.edu,Male,04/02/1985
395,Faye,Faucett,ffaucett4k@woothemes.com,Female,29-Nov-1989
396,Cissiee,Conrard,cconrardd4@pinterest.com,Female,04/01/1991
397,Tobin,Habershaw,thabershawy@networksolutions.com,Male,25-Mar-1988
398,Joseito,Astell,jastellb8@a8.net,Male,11/05/1994
399,Claudio,Boik,cboikbp@facebook.com,Male,21/12/1990
400,Dermot,Sancroft,dsancroftd9@un.org,Male,27/08/1992
401,Angus,Nafziger,anafziger7a@drupal.org,Male,1993/11/20
403,Romona,Daldan,rdaldan2i@booking.com,Female,10-Apr-1997
404,Adore,O'Crigan,aocrigand@netvibes.com,Female,1993/04/23
405,Timoteo,Mulcahy,tmulcahy5m@mediafire.com,Male,14-Aug-1985
406,Sadie,Filippov,sfilippov1y@skyrock.com,Female,1986/08/23
407,Sybila,Clare,sclare3x@ning.com,Female,15/08/1986
408,Dominic,Maddigan,dmaddiganbm@auda.org.au,Male,1988/04/10
409,Geordie,Lodwig,glodwigc9@e-recht24.de,Male,1985/01/17
410,Delainey,Benam,dbenambk@biblegateway.com,Male,1999/10/09
411,Denni,Heliet,dheliet3h@nsw.gov.au,Female,01/06/1994
412,Aaren,Missen,amissenc6@oracle.com,Female,17-Feb-1989
413,Herb,Gillitt,hgillitt9w@nasa.gov,Male,20-Jul-1993
414,Rosemary,Ziems,rziemsao@cloudflare.com,Female,12-Dec-1992
415,Eward,Treker,etreker7u@berkeley.edu,Male,1991/09/08
416,Sydney,Darcy,sdarcy2r@w3.org,Female,01/09/1990
417,Jacky,Snelgar,jsnelgar9y@addtoany.com,Female,08-Dec-1993
418,Ursulina,Miche,umiche3l@tumblr.com,Female,31/08/1996
419,Seline,Rignoldes,srignoldes1g@baidu.com,Female,25-Sep-1994
420,Fanechka,Needham,fneedhamc4@51.la,Female,15/07/1994
421,Wald,Lurner,wlurner3o@pinterest.com,Male,15-Dec-1985
422,Sanders,Shackell,sshackellby@unicef.org,Male,02/10/1998
423,Isidor,Janouch,ijanouch3e@globo.com,Male,25/05/1997
424,Mariana,Guly,mguly4@istockphoto.com,Female,1995/04/30
425,Nolie,Parkinson,nparkinson6l@surveymonkey.com,Female,12-Mar-1992
427,Mureil,Tankin,mtankin1l@squidoo.com,Female,17/04/1991
428,Kikelia,Tolworthy,ktolworthy5c@arizona.edu,Female,07-Jan-1996
429,Leanor,Bonifacio,lbonifacio8h@joomla.org,Female,1986/10/31
430,Talbert,Bampkin,tbampkin5d@joomla.org,Male,1988/07/30
431,Marie-jeanne,Terzza,mterzza30@cornell.edu,Female,12-Jan-1993
432,Augusta,Tambling,atambling2h@angelfire.com,Female,1991/02/13
433,Carin,Clamp,cclampbe@auda.org.au,Female,1993/07/12
434,Mallorie,Bridgewood,mbridgewood4g@creativecommons.org,Female,12-Sep-1995
436,Jilly,Patinkin,jpatinkin6m@chron.com,Female,05/09/1985
437,Sonnnie,Wallege,swallege1@utexas.edu,Female,13/06/1992
438,Tobiah,Beseke,tbesekea4@hao123.com,Male,1988/05/23
439,Osgood,Manson,omanson5a@mozilla.com,Male,1999/06/22
440,Bethena,Tysack,btysackca@addtoany.com,Female,24/03/1988
441,Sig,Learned,slearnedcp@baidu.com,Male,05-Mar-1987
442,Vivienne,Diboll,vdiboll9c@intel.com,Female,17/07/1999
444,Etta,Claisse,eclaissecc@wunderground.com,Female,1997/10/31
445,Melanie,Fuller,mfulleray@mozilla.com,Female,03-Jun-1993
446,Hunt,Fogden,hfogden1m@mail.ru,Male,01/06/1997
447,Reeba,Zapatero,rzapatero3k@whitehouse.gov,Female,24/09/1987
448,Chelsey,Cowterd,ccowterd43@cpanel.net,Female,05-Aug-1993
450,Sammie,Grombridge,sgrombridge6q@nsw.gov.au,Male,15/02/1998
451,Monika,Haws,mhaws5g@amazonaws.com,Female,10/04/1999
453,Zared,Griggs,zgriggscr@patch.com,Male,1998/06/28
454,Bennett,Kervin,bkervin5e@4shared.com,Male,30/10/1988
455,Brad,De Cleyne,bdecleyne5e@myspace.com,Male,15-Mar-1995
456,Vince,Casement,vcasement7x@fc2.com,Male,1989/09/15
458,Sally,Pietsma,spietsma9x@51.la,Female,1989/05/14
459,Nevins,Deelay,ndeelay1r@rambler.ru,Male,18/06/1986
460,Estele,Khoter,ekhoter8y@virginia.edu,Female,14/04/1993
461,Josiah,Chace,jchacea7@pen.io,Male,1998/10/07
462,Nikolaus,Corneliussen,ncorneliussen14@shop-pro.jp,Male,1987/05/28
463,Benton,Hucker,bhuckerak@rambler.ru,Male,10/10/1985
464,Julio,Titterton,jtittertoncs@tripod.com,Male,01-Aug-1987
465,Cristie,Wabb,cwabb4h@ebay.com,Female,23/05/1996
466,Shawn,Ornillos,sornillos23@goodreads.com,Male,1997/06/13
467,Emylee,Foskin,efoskindj@oracle.com,Female,1991/03/02
468,Sonny,Goodswen,sgoodswenn@themeforest.net,Male,1989/12/13
469,Lela,Drable,ldrable18@technorati.com,Female,1987/04/30
470,Kelwin,Recher,krecher5a@dagondesign.com,Male,09/09/1999
471,Ermina,Teaser,eteaserbi@php.net,Female,1992/09/26
472,Graehme,Randleson,grandleson8f@mediafire.com,Male,17/09/1985
473,Kath,Hullock,khullock9n@google.co.uk,Female,04-Mar-1992
474,Antin,MacDermand,amacdermanddc@nbcnews.com,Male,1989/06/24
476,Palmer,Guille,pguille5p@marriott.com,Male,08-Jan-1990
477,Tilly,Street,tstreet46@e-recht24.de,Female,22/12/1996
478,Cristabel,Ianni,ciannidl@foxnews.com,Female,1999/04/08
479,Lillis,Conti,lconti8z@typepad.com,Female,08/08/1995
480,Liuka,Cracoe,lcracoe67@joomla.org,Female,11/11/1986
481,Reiko,Luker,rlukerak@imageshack.us,Female,18-Jul-1996
482,Sherri,Castanos,scastanosbi@wikipedia.org,Female,23/01/1985
483,Delila,Aveline,davelinebq@privacy.gov.au,Female,14/06/1990
484,Rossie,Partrick,rpartrick9l@wikimedia.org,Male,28/07/1995
485,Cleveland,Joscelyn,cjoscelyn8k@oakley.com,Male,02/03/1989
486,Matty,Kierans,mkieransa2@admin.ch,Male,24-Oct-1991
487,Kesley,Truin,ktruin5v@loc.gov,Female,1986/05/13
488,Kiley,Suscens,ksuscens2g@w3.org,Male,26-Oct-1990
489,Mariska,Du Plantier,mduplantier2i@google.it,Female,1997/04/09
490,Adoree,Gillogley,agillogleyd@google.fr,Female,27/07/1985
491,Linell,Wison,lwisonw@drupal.org,Female,03-Sep-1990
492,Rurik,Garlee,rgarlee42@seesaa.net,Male,28-Aug-1992
493,Claudelle,Grealy,cgrealyd0@amazon.com,Female,1989/11/11
494,Cesar,Halms,chalms2r@dmoz.org,Male,27-Aug-1991
495,Lorant,Stobbe,lstobbebc@quantcast.com,Male,22-Feb-1998
496,Olympe,Darch,odarch78@ifeng.com,Female,30/09/1990
497,Robby,Tolefree,rtolefree9x@archive.org,Male,31/07/1994
499,Esma,Coxhell,ecoxhelli@sciencedirect.com,Female,14/05/1986
500,Bridie,Lovegrove,blovegrove8p@apple.com,Female,1986/12/14
501,Vernen,Scawen,vscawen98@skype.com,Male,1994/12/16
502,Minta,Gillinghams,mgillinghams10@epa.gov,Female,21-Aug-1992
503,Allys,Crissil,acrissil4q@vinaora.com,Female,05-Jul-1991
504,Darnell,Coils,dcoilscj@tinyurl.com,Male,19-Dec-1992
505,Ileane,Squibbes,isquibbes6n@topsy.com,Female,30-Jul-1992
506,Orsola,Douce,odouce5l@nytimes.com,Female,1997/10/26
508,Frederik,Raithmill,fraithmill8c@csmonitor.com,Male,1987/01/27
509,Susanna,Flaunders,sflaunders5j@wsj.com,Female,13-Dec-1999
510,Billye,Amott,bamottz@google.ca,Female,12-May-1990
511,Berty,Scanes,bscanes16@google.es,Female,17-Jul-1999
512,Herbert,Wanklin,hwanklin18@tumblr.com,Male,24/07/1991
513,Nate,Lefeaver,nlefeaver4q@ftc.gov,Male,1988/03/22
514,Marcelo,Ricker,mrickerd2@google.co.uk,Male,1990/03/03
516,Martelle,Langdridge,mlangdridger@comsenz.com,Female,07/11/1995
517,Timmie,Hallward,thallwarddj@redcross.org,Female,17/03/1991
518,Paulie,Molden,pmolden1@examiner.com,Female,1994/12/25
519,Sonny,Daudray,sdaudrayas@jalbum.net,Female,21/07/1986
520,Germaine,Kirkebye,gkirkebye5s@cargocollective.com,Male,1989/02/24
521,Kirstyn,Sukbhans,ksukbhans8t@cam.ac.uk,Female,1986/07/25
523,Carlye,Pellington,cpellington3r@ezinearticles.com,Female,16-Dec-1996
524,Lucias,Girardez,lgirardezcl@nsw.gov.au,Male,1997/06/19
525,Kenon,MacGarvey,kmacgarvey4e@mlb.com,Male,30-Dec-1998
526,Lonnard,Eisak,leisakbb@harvard.edu,Male,28-Mar-1992
527,Budd,Linfield,blinfield15@nydailynews.com,Male,1998/08/31
528,Vivia,Alejandre,valejandreag@flavors.me,Female,28-Jan-1993
530,Kylila,McDermid,kmcdermid20@twitter.com,Female,1997/01/15
531,Kristal,McGrill,kmcgrill1n@youtube.com,Female,1999/11/05
532,Renaldo,Fowkes,rfowkesa5@seesaa.net,Male,25-Apr-1995
533,Christyna,Kingman,ckingmancx@goo.ne.jp,Female,28-May-1991
534,Isidro,Ingre,iingreb0@nifty.com,Male,1998/06/28
535,Nickolas,Eakley,neakleydd@flavors.me,Male,28/01/1995
537,Dmitri,Kingzeth,dkingzethbg@baidu.com,Male,13/06/1986
538,Kristine,Knowling,kknowling21@tinypic.com,Female,1998/04/19
539,Rollin,Coda,rcoda6@weebly.com,Male,1996/03/26
540,Gradeigh,Haskew,ghaskewcl@indiatimes.com,Male,20/07/1990
541,Jeanne,Brasse,jbrasse11@kickstarter.com,Female,23/03/1995
542,Nilson,Fick,nfick5a@wikispaces.com,Male,27-Jul-1997
544,Avery,Sarll,asarll2t@nature.com,Male,17/12/1988
545,Angy,Kenright,akenright2p@ucoz.com,Female,21/07/1987
546,Rosana,Goodricke,rgoodrickebz@hugedomains.com,Female,24-Aug-1985
548,Kingston,Bristoe,kbristoedm@wix.com,Male,14-Mar-1998
549,Ximenes,Jurries,xjurries2f@myspace.com,Male,1997/01/24
551,Lynnette,Reavell,lreavell84@usda.gov,Female,1995/02/10
552,Rice,Ambler,rambler4l@who.int,Male,23-Mar-1986
553,Barthel,Claasen,bclaasen6g@yellowbook.com,Male,19/10/1987
554,Benedict,Cruttenden,bcruttenden4y@usgs.gov,Male,08-Jan-1999
555,Gregoor,Jencken,gjencken62@hibu.com,Male,22-Aug-1986
556,Wilow,Poulsen,wpoulsen5f@admin.ch,Female,18-Dec-1998
557,Celene,Lamplugh,clamplugh1k@liveinternet.ru,Female,1998/11/29
558,Sharla,Avieson,savieson5p@networkadvertising.org,Female,28/05/1987
559,Ofelia,Peyto,opeyto8d@fda.gov,Female,07-Dec-1994
560,Maritsa,Beadnell,mbeadnellx@sogou.com,Female,1994/09/03
561,Myca,Campanelli,mcampanelli6f@godaddy.com,Male,1990/06/17
562,Herb,Bowhay,hbowhay4j@discovery.com,Male,1993/03/22
563,Vaughan,Renard,vrenardbp@nasa.gov,Male,1986/03/17
564,Marcelo,Dugood,mdugood2p@mac.com,Male,1998/06/24
565,Ross,Dobson,rdobson8@dmoz.org,Male,31/10/1997
566,Gabrielle,Boultwood,gboultwood3y@engadget.com,Female,04-Nov-1996
567,Odo,Flounders,oflounders9t@wordpress.com,Male,19-Jul-1992
568,Markos,Pavek,mpavek7i@blinklist.com,Male,04-Aug-1989
569,Naoma,Scambler,nscambler3j@joomla.org,Female,30-Jun-1996
570,Theresita,Kinworthy,tkinworthy28@topsy.com,Female,1995/06/22
571,Hale,Axston,haxston76@vimeo.com,Male,1993/04/21
572,Cori,Tschierasche,ctschierasche2d@pcworld.com,Female,1987/01/19
573,Kori,Witard,kwitard5o@cnet.com,Female,24/01/1991
574,Bradley,Jerrome,bjerrome77@miibeian.gov.cn,Male,23-Sep-1989
576,Guillermo,Dedmam,gdedmam6u@last.fm,Male,07-Jan-1988
577,Neville,Pontin,npontin86@fema.gov,Male,1998/05/15
578,Lucita,Mordey,lmordey4l@aol.com,Female,12/03/1989
579,Modesty,Urpeth,murpethbz@last.fm,Female,01/05/1991
580,Margeaux,Yewdall,myewdall9j@tmall.com,Female,28-Jun-1985
581,Meara,O'Monahan,momonahan3v@dmoz.org,Female,02-Sep-1990
582,Donnie,Romera,dromera1b@smugmug.com,Female,09-Sep-1998
583,Leigh,Larby,llarby9a@dmoz.org,Male,09/11/1991
584,Almeta,Kitchiner,akitchiner7o@sciencedaily.com,Female,20/09/1992
585,Farrell,Churchin,fchurchinah@google.it,Male,1999/04/05
586,Ethelyn,Hobble,ehobbleae@goo.ne.jp,Female,1991/08/05
587,Iosep,Kording,ikording2q@skyrock.com,Male,08/08/1987
588,Clem,Button,cbutton30@nbcnews.com,Female,01/02/1992
589,Joshua,Rookes,jrookes52@businessweek.com,Male,18-Dec-1996
590,Sherlock,Creddon,screddon2k@utexas.edu,Male,1987/12/20
591,Orly,Obell,oobell80@google.co.jp,Female,22-Feb-1989
592,Dela,Errey,derrey89@cnet.com,Female,21/11/1995
593,Rhea,Cortnay,rcortnay7r@cnet.com,Female,1992/05/08
594,Aurore,Peek,apeek3@meetup.com,Female,02-Mar-1997
595,Syd,Klain,sklainco@archive.org,Male,1985/02/21
596,Flory,Fishlock,ffishlock19@typepad.com,Female,1992/03/17
597,Hunt,Finney,hfinney7d@wunderground.com,Male,1996/07/20
598,Esme,Andriss,eandriss6e@accuweather.com,Female,1988/11/24
599,Trey,Bettington,tbettingtonae@miibeian.gov.cn,Male,10/11/1995
600,Abramo,Priditt,apriditt8o@google.com,Male,1986/02/21
601,Joya,Humes,jhumes6r@vistaprint.com,Female,24-Jan-1990
602,Brittne,Caskie,bcaskie4x@twitpic.com,Female,1995/01/27
603,Artair,Heugle,aheugle5c@themeforest.net,Male,1991/04/22
604,Gustie,Kretschmer,gkretschmerdf@flavors.me,Female,1991/08/18
605,Tibold,Jindrich,tjindrich9e@facebook.com,Male,1986/04/18
606,Neda,Fitzsimons,nfitzsimons82@europa.eu,Female,25-Nov-1989
607,Cherri,Hathway,chathwaycu@un.org,Female,06/02/1988
608,Jacinda,Verbeke,jverbekebl@etsy.com,Female,1998/09/26
609,Katie,Rothery,krothery4b@narod.ru,Female,27-Dec-1989
611,Rosaline,Hulbert,rhulbert75@sun.com,Female,1998/10/31
612,Adah,Strodder,astrodderbm@biglobe.ne.jp,Female,30/10/1995
613,Giselbert,Buxy,gbuxy6h@usatoday.com,Male,23/03/1991
614,Rustin,Christie,rchristie91@miitbeian.gov.cn,Male,1996/10/17
615,Elly,Jacobovitch,ejacobovitch2v@google.nl,Female,1995/06/01
616,Lisa,Largent,llargent23@myspace.com,Female,04-Aug-1994
619,Luella,Everton,levertoni@cnn.com,Female,1991/10/21
620,Ugo,Camois,ucamois7o@samsung.com,Male,1989/01/28
621,Domeniga,Cunniam,dcunniam53@intel.com,Female,04/07/1988
622,Kenna,Godthaab,kgodthaab4b@liveinternet.ru,Female,1996/08/23
623,Stephan,Martinuzzi,smartinuzzi2f@wikipedia.org,Male,01/06/1986
624,Amos,Hover,ahover2u@yahoo.co.jp,Male,1997/05/18
625,Cece,Moogan,cmoogan22@theglobeandmail.com,Male,18/07/1997
626,Gardy,Stolz,gstolzv@discovery.com,Male,1987/06/29
627,Verine,Corrado,vcorradom@smugmug.com,Female,19-Nov-1994
628,Tanner,Baltzar,tbaltzar2o@wordpress.org,Male,1991/04/20
629,Marys,Kelsow,mkelsowcz@dot.gov,Female,16-Jan-1993
631,Cicely,Trimbey,ctrimbey5h@squarespace.com,Female,1993/12/13
633,Harrie,Domenichini,hdomenichinib1@cargocollective.com,Female,1985/09/27
634,Sissie,Conlaund,sconlaund7h@behance.net,Female,1996/05/23
635,Marlane,Bice,mbice2b@amazon.com,Female,20-Jan-1994
636,Peggi,Dooley,pdooleybd@berkeley.edu,Female,30/06/1988
638,Denny,Rittmeyer,drittmeyer81@arstechnica.com,Male,14-Feb-1995
639,Bert,McLeish,bmcleish5f@wisc.edu,Female,31/03/1990
640,Albrecht,Garmston,agarmstoncc@scientificamerican.com,Male,16-Sep-1991
641,Darby,Gebhardt,dgebhardt63@slideshare.net,Female,1989/07/27
642,April,Spillard,aspillard6p@theatlantic.com,Female,10/02/1989
643,Erina,Wardall,ewardallbo@livejournal.com,Female,06-Oct-1989
645,Denys,Lewendon,dlewendon38@unc.edu,Female,1988/03/11
646,Dorrie,Jado,djadodi@ted.com,Female,23/03/1998
647,Langston,Gerish,lgerish8a@gov.uk,Male,1997/06/13
648,Eustace,Keningham,ekeningham6x@businessinsider.com,Male,29-Sep-1992
649,Layton,De Banke,ldebanke6f@omniture.com,Male,01-Sep-1992
650,Ernaline,Gillings,egillingsr@godaddy.com,Female,1986/06/04
651,Pennie,MacCartair,pmaccartair8@twitpic.com,Male,17-Mar-1989
653,Boote,Dobie,bdobie5k@people.com.cn,Male,1995/04/22
654,Rowena,Hastin,rhastin3w@google.fr,Female,07-Dec-1989
655,Ernesto,O'Hanley,eohanley57@nifty.com,Male,01-Jul-1995
656,Tanitansy,Rangall,trangalldk@independent.co.uk,Female,1987/12/02
657,Alyda,Reder,areder3c@google.it,Female,08-Jul-1994
658,Pierce,Chivrall,pchivralla5@friendfeed.com,Male,1993/12/24
659,Harriette,Banaszczyk,hbanaszczykby@latimes.com,Female,1995/06/14
660,Pietrek,Stokes,pstokes7g@samsung.com,Male,30-Nov-1997
661,Geordie,Wanklin,gwanklin9g@oakley.com,Male,01-Nov-1991
663,Hazel,Amer,hamer8f@answers.com,Female,16-Sep-1999
664,Carlie,Yesichev,cyesichev1i@webs.com,Female,10/01/1990
666,Rosalinda,Tanman,rtanman7k@senate.gov,Female,1996/02/11
667,Emylee,Border,eborder3q@slate.com,Female,1993/01/18
668,Rickey,Standish,rstandish3l@sitemeter.com,Male,24-Jul-1995
669,Rock,Fearey,rfearey1n@jimdo.com,Male,06/07/1988
670,Sawyer,Janecek,sjanecekax@usnews.com,Male,1987/07/06
671,Rodie,Edwardson,redwardson5@vimeo.com,Female,1992/06/13
672,Gordie,Filewood,gfilewood9q@nyu.edu,Male,29-Nov-1992
673,Annamaria,Schwand,aschwand49@gizmodo.com,Female,19/10/1989
674,Caleb,D'Antonio,cdantonio7j@ucla.edu,Male,1996/01/04
675,Billy,Snooks,bsnooksa0@godaddy.com,Male,06/03/1992
676,Sophi,Welband,swelband2c@indiegogo.com,Female,1985/06/17
677,Kathryne,Link,klinkaa@tiny.cc,Female,04-Sep-1989
678,Llewellyn,Van Baaren,lvanbaarenan@a8.net,Male,1988/08/22
679,Julienne,Mosedill,jmosedillb5@so-net.ne.jp,Female,09/07/1987
680,Jae,Bridgestock,jbridgestockbu@globo.com,Male,1994/12/25
681,Trent,Guidone,tguidone3q@histats.com,Male,10-Feb-1987
683,Allin,Sinnett,asinnett46@nbcnews.com,Male,1991/02/06
685,Lodovico,Tremblay,ltremblay85@bigcartel.com,Male,14/04/1992
686,Lalo,Terrazzo,lterrazzo2y@bizjournals.com,Male,1995/05/01
688,Gothart,Gavrielly,ggavrielly8m@foxnews.com,Male,1995/10/03
689,Madalena,Akhurst,makhurst3i@artisteer.com,Female,27-May-1996
690,Mariska,Madill,mmadillc4@wikimedia.org,Female,25-Oct-1990
691,Leda,Jeavon,ljeavon9u@deviantart.com,Female,1993/04/05
692,Corrine,Tuck,ctuck1v@nba.com,Female,1986/12/19
693,Elyn,Mieville,emievilleds@adobe.com,Female,28-Apr-1985
695,Aurlie,De Moreno,ademorenodl@techcrunch.com,Female,04-Aug-1988
696,Dominique,Seegar,dseegarn@ameblo.jp,Male,10-Jul-1998
697,Avram,Ruslin,aruslinc3@delicious.com,Male,25/04/1996
698,Estrella,Freschini,efreschini3u@noaa.gov,Female,12-Jul-1991
699,Corine,Van der Beek,cvanderbeek9c@mozilla.org,Female,04-Jan-1992
700,Crichton,Fysh,cfysh1r@webs.com,Male,1991/11/26
701,Eugene,Edgeler,eedgeler4w@yale.edu,Male,03/09/1996
702,Kizzie,McVaugh,kmcvaugh54@hostgator.com,Female,1999/05/23
703,Sergei,Whiley,swhiley8n@amazon.com,Male,1993/03/01
704,Barnie,Pervew,bpervew8b@paginegialle.it,Male,1990/12/26
705,Halsey,Vaissiere,hvaissiere6x@wikia.com,Male,1987/06/02
706,Huntlee,Bebbington,hbebbington3@issuu.com,Male,15/11/1987
707,Dalt,Dick,ddick7z@bbb.org,Male,19-Sep-1998
709,Tobias,Burehill,tburehillad@acquirethisname.com,Male,1987/12/15
710,Anallese,Marvell,amarvellbd@harvard.edu,Female,12-Aug-1988
711,Inglebert,Jerratsch,ijerratschj@symantec.com,Male,1997/03/17
712,Rem,O'Hannay,rohannay3r@nature.com,Male,1999/08/20
714,Donella,Antwis,dantwis3x@seattletimes.com,Female,18-Oct-1996
715,Bearnard,Pheazey,bpheazey5o@blogger.com,Male,1987/10/03
716,Edin,Brettel,ebrettel4v@shop-pro.jp,Female,18/01/1996
717,Leilah,Braithwaite,lbraithwaite1c@multiply.com,Female,05/11/1995
719,Yank,MacPeice,ymacpeicebj@yolasite.com,Male,26-Jun-1998
720,Christabel,Butland,cbutland48@toplist.cz,Female,15/04/1999
721,Kean,Pedersen,kpedersen9h@meetup.com,Male,1998/07/16
722,Kelila,Shatliff,kshatliff8w@discuz.net,Female,1989/04/12
723,Lind,Cranney,lcranneya1@wikia.com,Female,10-May-1993
724,Alvie,Lago,alago1m@desdev.cn,Male,1991/01/22
725,Carie,Halstead,chalstead79@fc2.com,Female,1991/12/25
726,Kelly,Headly,kheadlydt@hexun.com,Male,12-Feb-1991
727,Ardith,Bratch,abratchdo@quantcast.com,Female,19-Jul-1986
728,Deidre,Prescote,dprescote4n@pinterest.com,Female,1994/05/25
729,Olly,Brayshay,obrayshay6m@google.it,Female,1990/11/08
730,Trina,Eastwell,teastwellbt@dmoz.org,Female,04/04/1998
731,Cobby,Daveren,cdaveren51@wikimedia.org,Male,11-Sep-1985
732,Virgie,Brixey,vbrixey3a@blinklist.com,Male,16-Feb-1988
733,Austin,Grevatt,agrevattcb@pen.io,Female,22-Dec-1990
734,Thayne,Shrimpling,tshrimpling1f@disqus.com,Male,17/02/1987
735,Gavra,MacPaike,gmacpaike8c@ox.ac.uk,Female,16/11/1986
736,Clementine,Ribbens,cribbens9h@telegraph.co.uk,Female,17-Jul-1985
737,Max,Cuffe,mcuffe9j@msn.com,Male,1985/11/22
738,Ragnar,Bazely,rbazelya8@feedburner.com,Male,24/07/1995
739,Reginauld,Arnli,rarnli1t@rambler.ru,Male,15-Mar-1994
740,Dunn,Pavluk,dpavluk4j@zimbio.com,Male,27/08/1995
741,Terencio,Spinage,tspinageap@google.ca,Male,16-Nov-1998
742,Edd,Fratczak,efratczak3t@yellowbook.com,Male,11-Mar-1994
744,Nev,Mattisssen,nmattisssen97@jiathis.com,Male,1987/12/11
745,Kenny,Mossom,kmossom37@cnet.com,Male,1985/03/01
746,Uta,Bloore,ubloore2m@mashable.com,Female,03-Nov-1987
747,Nicki,Millmore,nmillmore7v@hibu.com,Female,04-May-1994
748,Emmeline,Sebrens,esebrens41@vinaora.com,Female,1993/06/12
749,Zacharie,Cupper,zcupperg@digg.com,Male,04/01/1987
750,Anna,Lucien,alucien23@gmpg.org,Female,10/03/1994
751,Melodee,Whyman,mwhyman8o@imgur.com,Female,27/09/1989
753,Rourke,Pagnin,rpagnin79@e-recht24.de,Male,07/11/1992
754,Justus,Farnworth,jfarnworth8t@upenn.edu,Male,27-Sep-1997
755,Forest,Moreinu,fmoreinu5z@cdbaby.com,Male,10/09/1988
758,Abba,Mannooch,amannooch7z@fda.gov,Male,1988/07/01
759,Allin,Mion,amion3n@altervista.org,Male,29-Oct-1987
760,Donaugh,Kehoe,dkehoe9m@reddit.com,Male,04/01/1994
761,Annabel,De Carlo,adecarlo8j@i2i.jp,Female,19/01/1995
762,Cathlene,Passingham,cpassingham22@ezinearticles.com,Female,1995/06/29
763,Neron,Kitching,nkitching6g@illinois.edu,Male,18-Sep-1999
764,Avril,Graffham,agraffham7t@narod.ru,Female,22-Jul-1988
765,Pam,Cottrill,pcottrill83@sbwire.com,Female,12/08/1992
766,Conrade,Winchester,cwinchesterck@infoseek.co.jp,Male,09-Oct-1989
767,Yolanthe,Ivankovic,yivankovicd0@google.co.uk,Female,26/09/1993
768,Nolan,Whittleton,nwhittletong@hp.com,Male,16-Apr-1997
769,Idelle,Fairbairn,ifairbairn7j@jimdo.com,Female,26-Jul-1997
771,Ax,Studman,astudman77@wikimedia.org,Male,11/04/1998
772,Ripley,Mougenel,rmougenelan@aboutads.info,Male,07/04/1996
773,Faustine,Creigan,fcreigan4y@prnewswire.com,Female,1995/01/14
774,Allina,Josum,ajosum5w@zdnet.com,Female,12-Mar-1988
775,Borden,Lander,blander93@nature.com,Male,23/11/1992
776,Meredith,Stenbridge,mstenbridge7z@nhs.uk,Female,13/12/1990
777,Lenore,Stiffell,lstiffell6e@virginia.edu,Female,12-Dec-1986
778,Yelena,Bettles,ybettles8g@illinois.edu,Female,18/09/1994
779,Gerry,Ray,grays@w3.org,Female,20/09/1985
780,Pearline,Forgie,pforgieci@51.la,Female,22/02/1995
781,Michal,Johnsson,mjohnsson8t@ebay.co.uk,Male,11/06/1985
782,Gideon,Portt,gportt2m@house.gov,Male,20/12/1987
783,Corty,Millyard,cmillyardaj@about.me,Male,1987/11/19
784,Feliza,Costellow,fcostellow52@reddit.com,Female,29/01/1992
785,Prentiss,Welds,pwelds7w@yellowpages.com,Male,09/06/1988
786,Lynn,Barthrop,lbarthrop2@mediafire.com,Male,1996/01/08
787,Keefe,Worgen,kworgen7b@tiny.cc,Male,1993/02/01
788,Lorry,Torrans,ltorransc5@state.tx.us,Female,26-Nov-1990
789,Marji,Cholomin,mcholomin1e@com.com,Female,01-Sep-1997
791,Patty,Gagie,pgagie1f@moonfruit.com,Female,1995/08/11
792,Jonas,O'Tierney,jotierneyao@reference.com,Male,1994/06/24
793,Bobbe,Succamore,bsuccamore85@g.co,Female,1995/06/10
795,Ewart,Lisciandri,elisciandri5v@youtu.be,Male,19-May-1997
796,Roxy,Moorerud,rmoorerud6o@webs.com,Female,21/09/1992
797,Stern,Bahia,sbahia10@desdev.cn,Male,1997/09/27
798,Esteban,Blazhevich,eblazhevich83@hubpages.com,Male,1986/04/17
799,Courtnay,Gomm,cgommb2@va.gov,Male,02/03/1988
800,Irwinn,Ughetti,iughetti96@joomla.org,Male,27/09/1986
801,Richardo,Trevethan,rtrevethan5t@huffingtonpost.com,Male,1987/07/29
802,Bernhard,Deakan,bdeakan7e@ca.gov,Male,1988/10/17
803,Davine,Whal,dwhall@mlb.com,Female,20-Jan-1985
804,Bay,Mayte,bmayteac@huffingtonpost.com,Male,18/03/1987
805,Fransisco,Pickersail,fpickersail95@sourceforge.net,Male,01/04/1989
806,Dionne,Thuillier,dthuillier6j@cbsnews.com,Female,1985/04/17
807,Sallee,Jackman,sjackman0@yellowpages.com,Female,23/11/1987
808,Gerik,Wudeland,gwudeland58@newsvine.com,Male,03-Aug-1986
809,Hershel,Sapir,hsapirdp@blogger.com,Male,20-Jul-1995
810,Ruthi,Leadston,rleadston8o@ebay.co.uk,Female,10-Sep-1986
812,Belva,Bowlas,bbowlas1a@reverbnation.com,Female,13-Apr-1994
813,Wash,De Gowe,wdegowe35@redcross.org,Male,27/01/1990
814,Patricio,Ubsdall,pubsdallde@icio.us,Male,07-Mar-1999
815,Gael,Skyram,gskyram65@vinaora.com,Male,25-Oct-1999
816,Archibaldo,Kerans,akerans3d@disqus.com,Male,1992/03/26
817,Maddalena,Twitchett,mtwitchett2h@huffingtonpost.com,Female,25/02/1998
818,Denys,Cisar,dcisar9u@indiegogo.com,Male,05-Jun-1989
820,Cam,Wernher,cwernher9i@tinypic.com,Female,05/09/1999
821,Cheston,Tooze,ctooze8i@howstuffworks.com,Male,1988/09/04
822,Sosanna,Ropkes,sropkes62@mediafire.com,Female,25/03/1986
823,Dorthea,Cowing,dcowing4x@census.gov,Female,03/05/1993
824,Tandie,Gobert,tgobert93@instagram.com,Female,1997/05/13
826,Eadie,Roscamps,eroscamps7@ebay.com,Female,1986/12/12
827,Mab,Jarred,mjarred3p@biglobe.ne.jp,Female,22-Feb-1997
828,Aldis,Chitty,achittybk@g.co,Male,03/06/1992
829,Sarine,Harston,sharstonz@w3.org,Female,06/07/1987
830,Jena,Gribbins,jgribbins7k@thetimes.co.uk,Female,09/05/1993
831,Ferdy,Danton,fdanton89@taobao.com,Male,1986/02/12
832,Anson,Odo,aodo5q@hc360.com,Male,27/09/1996
833,Monroe,Palatino,mpalatinobj@utexas.edu,Male,1990/07/16
834,Sandye,Iacobacci,siacobacci8b@exblog.jp,Female,30/06/1997
835,Nial,Wethered,nwethered49@slideshare.net,Male,1985/06/17
836,Myca,Dincey,mdincey3b@ow.ly,Male,1990/02/15
837,Renaud,Kippen,rkippen8e@huffingtonpost.com,Male,12/02/1999
838,Nicolai,Sheara,nsheara34@example.com,Male,1987/01/27
839,Donny,Dury,ddury5b@state.gov,Female,1993/11/01
840,Chester,Byrd,cbyrd3p@zdnet.com,Male,1991/07/04
841,Abdel,Burth,aburth4g@networksolutions.com,Male,01/09/1987
842,Ollie,Tym,otymdr@geocities.com,Male,09-Jun-1996
843,Germaine,Pharo,gpharo58@army.mil,Male,1985/06/12
844,Roanna,Banishevitz,rbanishevitz2s@gov.uk,Female,15-Oct-1986
845,Anabal,Simmig,asimmigbs@acquirethisname.com,Female,08/08/1990
846,Elisha,Simonini,esimonini41@unicef.org,Male,04/12/1992
847,Hamnet,Johanning,hjohanning24@twitpic.com,Male,10-Sep-1992
848,Baron,Spawforth,bspawforthb9@bbc.co.uk,Male,16/02/1996
849,Sydelle,Ghelardi,sghelardiat@ted.com,Female,14/06/1989
850,Lorettalorna,Pettyfar,lpettyfarbq@parallels.com,Female,26-Sep-1992
851,Cathrin,Barnwall,cbarnwall2i@mapy.cz,Female,01/07/1985
852,Janine,Schottli,jschottli8u@accuweather.com,Female,10/04/1997
853,Zelig,O'Moylane,zomoylanet@go.com,Male,1991/04/09
854,Jammie,Winfield,jwinfield9s@cocolog-nifty.com,Female,30/07/1993
855,Odey,Blesdill,oblesdilldt@soundcloud.com,Male,1994/03/01
856,Dannie,Tribbeck,dtribbeckj@hugedomains.com,Male,18-Nov-1998
857,Kania,Matterface,kmatterfaced5@va.gov,Female,31-Mar-1993
858,Leoline,Kornyshev,lkornyshev9v@angelfire.com,Female,24/07/1992
860,Fay,Burg,fburgq@constantcontact.com,Female,23/08/1999
862,Charla,Christol,cchristol5t@ucla.edu,Female,01/03/1991
864,Liam,Quernel,lquernel1d@youtu.be,Male,04-Oct-1992
866,Jacintha,Alabone,jalabone0@state.gov,Female,31-Oct-1994
867,Isa,Kohlert,ikohlert1g@ustream.tv,Female,1988/10/22
868,Stefan,Buttriss,sbuttriss8m@wufoo.com,Male,29-Jan-1986
870,Adlai,Masding,amasding5h@berkeley.edu,Male,22-May-1988
871,Brade,Newall,bnewall3d@cyberchimps.com,Male,25-Mar-1999
872,Gran,Holgan,gholganah@smh.com.au,Male,26/11/1993
873,Bartholomeo,Barti,bbartid4@google.com.br,Male,27-Apr-1987
874,Jammal,Woolis,jwoolis81@mayoclinic.com,Male,25/12/1994
876,Blakelee,Marrion,bmarrion8w@storify.com,Female,15/01/1989
877,Morgan,Riggulsford,mriggulsford98@china.com.cn,Female,07-Aug-1985
878,Dickie,MacGiolla Pheadair,dmacgiollapheadair9k@ow.ly,Male,17/06/1988
879,Pippy,Dankersley,pdankersley71@soup.io,Female,06/01/1988
880,Dominica,Matzen,dmatzenc9@ihg.com,Female,02/12/1987
881,Angeline,McCallam,amccallam6p@a8.net,Female,29-Mar-1999
882,Wilmette,Okey,wokeybv@java.com,Female,26-Sep-1990
883,Guglielmo,Gniewosz,ggniewoszai@storify.com,Male,13-Sep-1997
884,Kyle,Tanswell,ktanswellc8@senate.gov,Female,22/01/1986
885,Sylvester,Ashforth,sashforthbg@cdc.gov,Male,01-Jul-1995
886,Brit,Dwelley,bdwelleybw@cbc.ca,Male,1993/02/28
888,Silvain,D'Souza,sdsouza26@clickbank.net,Male,05/01/1990
889,Walt,Mawhinney,wmawhinneyc9@netscape.com,Male,07-Oct-1994
890,Bethina,Trayling,btraylingb8@ucoz.com,Female,03-Jul-1987
891,Rea,Goutcher,rgoutcher68@sbwire.com,Female,26-May-1992
892,Lanni,Jesse,ljessebo@imageshack.us,Female,1999/06/13
895,Deane,Soitoux,dsoitoux9f@ucoz.com,Male,11/04/1993
896,Ruth,Moult,rmoult33@gov.uk,Female,15-Oct-1988
897,Biron,Breagan,bbreagan8s@csmonitor.com,Male,28-Jun-1996
898,Katuscha,Gilley,kgilley7q@qq.com,Female,1989/06/18
899,Viviene,Stairmond,vstairmond87@xinhuanet.com,Female,18-Jul-1992
900,Sherri,Hollier,shollier9w@photobucket.com,Female,01/11/1999
901,Fayth,Tunnock,ftunnockca@reference.com,Female,24-Apr-1990
903,Howie,Spiller,hspillercv@slideshare.net,Male,16-Jan-1986
904,Ned,Mount,nmount4h@alexa.com,Male,1999/09/04
905,Abel,Clearie,aclearie5b@1und1.de,Male,27-Dec-1985
906,Tades,Obin,tobin43@theatlantic.com,Male,25/02/1995
908,Pavel,Shorthouse,pshorthouse8j@jalbum.net,Male,1997/08/12
909,Nick,Karlsen,nkarlsen6j@nationalgeographic.com,Male,21-Mar-1987
910,Tabbie,Phillippo,tphillippoby@omniture.com,Male,03-Nov-1990
911,Bordy,McCrum,bmccrumcg@examiner.com,Male,1986/06/17
912,Aile,Midlane,amidlane54@chronoengine.com,Female,05/01/1995
913,Chlo,Teasell,cteasell2k@etsy.com,Female,27/05/1991
914,Raynard,Thewlis,rthewlis3e@reddit.com,Male,19-Nov-1999
915,Tana,Portsmouth,tportsmouth4p@ox.ac.uk,Female,1991/10/30
916,Charles,Bosch,cbosch8r@prweb.com,Male,16-Sep-1992
917,Yolane,Arblaster,yarblaster50@cbsnews.com,Female,22-May-1985
918,Berk,Strewthers,bstrewthersa7@com.com,Male,22-Mar-1997
920,Suzanna,Trevenu,strevenu2q@posterous.com,Female,27-Feb-1991
921,Brodie,Daventry,bdaventry6i@chicagotribune.com,Male,1997/09/26
923,Lorry,Heelis,lheelis3f@nba.com,Female,22-Feb-1992
924,Van,Spradbrow,vspradbroway@apache.org,Male,1985/10/08
925,Ermin,Pitcaithley,epitcaithley9p@merriam-webster.com,Male,1995/04/02
926,Marwin,Rottery,mrottery8i@ifeng.com,Male,06-May-1992
927,Billie,Langstaff,blangstaff5x@blogtalkradio.com,Female,1992/11/17
928,Kayle,Duignan,kduignan4m@un.org,Female,03/04/1991
929,Leontine,MacFarlane,lmacfarlane1m@sbwire.com,Female,11-Oct-1990
930,Arturo,Dennes,adennesdr@tinypic.com,Male,30/05/1990
931,Waylan,Poplee,wpoplee78@so-net.ne.jp,Male,1994/03/25
932,Aggy,Mayman,amayman17@last.fm,Female,1992/03/24
933,Caroline,Chate,cchate3w@google.fr,Female,1985/03/24
934,Verna,Corkell,vcorkell9k@geocities.com,Female,03-Oct-1993
935,Boycie,Hedingham,bhedingham76@google.co.jp,Male,04-Jun-1987
936,Simone,Brason,sbrason3f@statcounter.com,Male,25/09/1988
937,Anet,Anderbrugge,aanderbruggebi@yahoo.com,Female,17-Jan-1986
938,Osbert,Kissick,okissickcz@auda.org.au,Male,1996/08/09
939,Inness,Vellden,ivellden5f@photobucket.com,Male,1986/10/08
940,Ernest,Beagan,ebeaganp@bandcamp.com,Male,23/08/1996
942,Celine,Coakley,ccoakley3i@usgs.gov,Female,1988/08/15
944,Derrik,Beals,dbeals6f@cnet.com,Male,04/03/1986
946,Rees,Conroy,rconroy1z@list-manage.com,Male,14/01/1987
947,Hyacinthia,Tolerton,htolerton26@pcworld.com,Female,1989/10/05
948,Corabel,Utteridge,cutteridge59@businessinsider.com,Female,19-Feb-1989
949,Elwin,Measey,emeasey3y@skype.com,Male,28/04/1989
950,Jenelle,Braidman,jbraidman2y@epa.gov,Female,24/04/1985
951,Pierrette,Klarzynski,pklarzynskih@psu.edu,Female,30/09/1992
952,Manon,Gallafant,mgallafantce@mlb.com,Female,1987/12/26
953,Tricia,Baldree,tbaldreebb@infoseek.co.jp,Female,22/06/1988
954,Zelig,Julyan,zjulyandn@reddit.com,Male,14-Apr-1992
955,Danila,Yielding,dyielding2a@auda.org.au,Female,05-Sep-1997
956,Ashien,Poulett,apoulett1i@w3.org,Female,28-Jul-1992
957,May,Dawltrey,mdawltrey6w@japanpost.jp,Female,25/02/1988
958,Honoria,Laidler,hlaidlerav@tinypic.com,Female,17-Jul-1985
959,Florina,Mepham,fmepham90@ted.com,Female,1986/03/31
960,Thaddus,Gilbody,tgilbody96@deliciousdays.com,Male,27-Jun-1992
962,Jodi,Wallbridge,jwallbridge6q@reference.com,Male,1994/08/28
963,Glen,Lillywhite,glillywhitea4@prnewswire.com,Male,10/07/1992
964,Nevil,Sprowell,nsprowell94@google.de,Male,17/04/1996
965,Maryanne,Skupinski,mskupinski65@tumblr.com,Female,1996/04/16
966,Madalena,Bosche,mbosched8@japanpost.jp,Female,1985/07/06
967,Ripley,Larrett,rlarrett51@ask.com,Male,21/09/1993
969,Gabriela,Gordon-Giles,ggordongiles7h@bbb.org,Female,20-Dec-1996
970,Isaak,Brobak,ibrobak48@unesco.org,Male,1996/01/05
971,Quentin,Corbert,qcorbert7o@usgs.gov,Male,21-Dec-1987
972,Sherri,Tunnah,stunnahbz@cyberchimps.com,Female,1997/06/25
974,Mycah,Feltoe,mfeltoe88@tumblr.com,Male,1992/01/19
975,Efren,Morris,emorris8g@amazon.com,Male,1992/03/26
976,Jorrie,Kobke,jkobke14@howstuffworks.com,Female,20/04/1999
977,Wade,Comsty,wcomsty5q@shop-pro.jp,Male,19-Nov-1999
978,Al,Quernel,aquernelc7@delicious.com,Male,28/09/1987
979,Caresa,Mugridge,cmugridge6t@narod.ru,Female,1988/10/20
980,Conrado,Kenset,ckenset8h@themeforest.net,Male,11-Aug-1991
981,Morly,Sainter,msainterb7@thetimes.co.uk,Male,1988/06/13
982,Fred,Andreaccio,fandreaccio3w@admin.ch,Male,11/03/1993
983,Etienne,Ferraron,eferraron6t@tripod.com,Male,19/09/1993
984,Luella,Oldham,loldhamal@posterous.com,Female,16-Apr-1988
985,Morena,McKew,mmckew9w@de.vu,Female,1988/03/24
986,Steve,Zelland,szelland8z@netvibes.com,Male,1995/05/07
987,Josiah,Portigall,jportigallcq@apache.org,Male,10/09/1994
988,Corbin,Bootell,cbootellbo@netlog.com,Male,21/09/1992
989,Geoffry,Coolbear,gcoolbearc1@opensource.org,Male,08/12/1993
990,Marsha,Sandever,msandever8p@cargocollective.com,Female,15-Aug-1988
991,Melina,Boulds,mboulds1f@toplist.cz,Female,14-Apr-1991
992,Herve,Stacey,hstaceycc@psu.edu,Male,07/01/1989
994,Albina,Pow,apow6v@cdbaby.com,Female,20-Sep-1986
995,Mel,Schruur,mschruur1t@pen.io,Male,30/11/1992
996,Francine,Muckley,fmuckley8k@imgur.com,Female,06-Jun-1996
997,Adler,Ryce,aryce68@uol.com.br,Male,1991/05/11
998,Hayes,Banks,hbanks1h@slideshare.net,Male,1990/04/03
999,Bryn,Hulland,bhullandbp@dagondesign.com,Male,21-Jan-1996
1000,Danella,Goldbourn,dgoldbournde@go.com,Female,18/09/1995
1002,Will,Crane,wcrane35@discovery.com,Male,1995/10/04
1003,Dukey,Kenwell,dkenwelldc@thetimes.co.uk,Male,01/12/1991
1004,Junette,Gilkison,jgilkison85@usda.gov,Female,24-Apr-1996
1005,Kittie,Northeast,knortheast66@yahoo.co.jp,Female,23/09/1994
1007,Chastity,Colhoun,ccolhoundf@sphinn.com,Female,13/02/1987
1008,Beatrisa,Sacaze,bsacazecd@zdnet.com,Female,08-Jul-1991
1009,Pooh,Ibberson,pibberson6i@msu.edu,Male,09/10/1987
1010,Alistair,Kender,akendere@accuweather.com,Male,07-Dec-1994
1011,Justine,McKnish,jmcknish2@cnn.com,Female,07-Jan-1998
1012,Shadow,Redding,sreddingdg@baidu.com,Male,07/08/1987
1013,Ardine,Lisamore,alisamore2w@si.edu,Female,02-Nov-1993
1014,Thomasine,Armatage,tarmatage84@jiathis.com,Female,04/07/1991
1015,Markos,Klampk,mklampkcw@ovh.net,Male,1992/11/13
1016,Elysee,Jeacop,ejeacopc4@mail.ru,Female,1989/12/17
1017,Audre,Denisard,adenisardaq@theglobeandmail.com,Female,06/12/1998
1018,Karrah,Melross,kmelross13@reuters.com,Female,1985/08/14
1019,Lauree,Farmer,lfarmerb@foxnews.com,Female,10-Jul-1987
1020,Anne-marie,Mowsley,amowsley15@histats.com,Female,14-Apr-1998
1021,Gwenore,Whitehorne,gwhitehorne8l@admin.ch,Female,1997/06/28
1022,Marylou,Enever,meneverbl@reddit.com,Female,31-Jan-1987
1023,Lurette,Basnett,lbasnetto@about.com,Female,01/07/1992
1024,Thoma,Dillingstone,tdillingstone3t@xrea.com,Male,17/07/1991
1025,Ilaire,Mustin,imustin25@constantcontact.com,Male,1988/08/22
1026,Maggi,Davidde,mdavidde69@google.com,Female,07-Sep-1994
1027,Lani,Rentoll,lrentoll5u@alexa.com,Female,21/11/1996
1028,Isabelita,Knox,iknox82@usnews.com,Female,30/01/1988
1029,Vanny,Pregal,vpregal73@indiegogo.com,Female,28/10/1989
1030,Marlow,Sterricker,msterrickerz@flickr.com,Male,1994/09/07
1031,Rodolphe,Latus,rlatus4z@nasa.gov,Male,1989/05/14
1032,Vincents,Camus,vcamus7p@feedburner.com,Male,26/10/1998
1033,Randie,Cloke,rclokecu@ucsd.edu,Male,05-Oct-1994
1034,Chrotoem,Eytel,ceytel92@goo.gl,Male,20-Jan-1987
1035,Christel,Thyer,cthyerch@ted.com,Female,08-May-1995
1036,Marlie,Lowis,mlowis1i@discovery.com,Female,1996/01/29
1037,Conrade,Raffles,crafflesh@sogou.com,Male,1994/10/09
1038,Karie,Dahlberg,kdahlberg5t@chron.com,Female,09-Jun-1995
1039,Ivory,Pendergrast,ipendergrast93@canalblog.com,Female,06-Oct-1996
1040,Aryn,Kochel,akochel21@twitter.com,Female,15-Mar-1988
1041,Porter,Everly,peverly7x@posterous.com,Male,29-Aug-1991
1043,Coletta,Radish,cradish1d@apple.com,Female,01/06/1996
1044,Lydie,Stollman,lstollmandn@geocities.jp,Female,04/04/1998
1045,Blinny,Dumphy,bdumphy3g@pcworld.com,Female,1992/09/30
1046,Reinaldos,Rainville,rrainvilledh@psu.edu,Male,17/02/1993
1047,Skip,Josling,sjosling7a@cbc.ca,Male,30/10/1994
1048,Cullan,Prodrick,cprodrick7l@guardian.co.uk,Male,27-Aug-1988
1049,Tara,Monkhouse,tmonkhouse1q@cisco.com,Female,1999/12/30
1050,Lukas,Shirrell,lshirrell7v@merriam-webster.com,Male,19/03/1992
1051,Granny,Melby,gmelby9x@wix.com,Male,23-Mar-1993
1052,Brigg,Iles,bilesb7@phoca.cz,Male,11/02/1995
1053,Dorri,De Roberto,dderobertoa9@storify.com,Female,20/11/1991
1055,Ollie,O'Carran,oocarran9o@wix.com,Male,09/11/1999
1056,Sean,Warbey,swarbey55@amazon.de,Female,14/12/1994
1057,Rae,Machans,rmachansb5@mashable.com,Female,1996/06/29
1058,Halsey,Yurocjhin,hyurocjhincu@hc360.com,Male,1994/05/28
1060,Barrie,Ayris,bayris9q@marriott.com,Male,1987/08/07
1061,Gayelord,Roark,groark8u@cdc.gov,Male,1994/12/26
1062,Ninnetta,Sharrard,nsharrard6c@squidoo.com,Female,05/03/1995
1064,Kelila,Bearsmore,kbearsmore2g@un.org,Female,10/10/1994
1065,Annissa,Schulze,aschulze4t@wsj.com,Female,20-Feb-1994
1066,Christian,Platt,cplatt2a@patch.com,Female,04/10/1987
1067,Renee,Hounsham,rhounsham19@berkeley.edu,Female,16-Oct-1999
1068,Cordell,Pennini,cpenninit@samsung.com,Male,07/09/1996
1069,Bathsheba,Cervantes,bcervantes5w@spiegel.de,Female,1995/01/29
1071,Even,Ehrat,eehratb6@jugem.jp,Male,1995/08/01
1073,Belle,Featherstonhaugh,bfeatherstonhaugh53@theguardian.com,Female,1996/10/29
1074,Micheil,Pointing,mpointing4n@washington.edu,Male,01/10/1986
1076,Ingmar,Kleinbaum,ikleinbaum5s@boston.com,Male,27-Apr-1994
1077,Colet,McCaughen,cmccaughencb@goo.ne.jp,Male,03/04/1997
1078,Dell,Billion,dbillion0@icq.com,Male,1994/04/08
1079,Hyatt,Dumper,hdumper44@chronoengine.com,Male,15/05/1997
1080,Zabrina,Larrington,zlarrington4u@va.gov,Female,30-Aug-1990
1081,Ddene,Rackley,drackleydv@oakley.com,Female,25-Dec-1986
1082,Sashenka,Kerner,skerner65@reference.com,Female,08/07/1998
1083,Karyn,Paulig,kpaulig8j@quantcast.com,Female,24-Mar-1994
1084,Abby,Pottinger,apottinger2l@liveinternet.ru,Male,30/10/1991
1085,Carla,Cortese,ccortese2s@booking.com,Female,15/06/1991
1087,Nedi,Golding,ngoldingn@independent.co.uk,Female,15/02/1994
1088,Bertine,Wingrove,bwingrovedp@blogspot.com,Female,09/02/1988
1089,Kathye,Mulleary,kmulleary46@accuweather.com,Female,26-Jan-1988
1090,Gray,Gresty,ggresty7@de.vu,Male,06/07/1989
1091,Ogdon,Cran,ocran92@blogger.com,Male,28/03/1993
1092,Tallulah,Innerstone,tinnerstone5@baidu.com,Female,01/03/1995
1093,Jolyn,Diddams,jdiddamsdg@utexas.edu,Female,04-Dec-1986
1094,Heall,Sterricks,hsterricks31@1und1.de,Male,20/10/1995
1095,Evvie,Hutt,ehuttd7@indiegogo.com,Female,02/08/1985
1096,Kelci,Greste,kgreste3j@springer.com,Female,1997/03/04
1097,Elvera,Renahan,erenahan8n@patch.com,Female,31-Jul-1986
1098,Timmie,Demougeot,tdemougeot8i@vk.com,Female,11/01/1991
1100,Dix,Godfroy,dgodfroyau@blogger.com,Female,13-Feb-1986
1101,Robena,Bru,rbrudt@mtv.com,Female,26/03/1995
1102,Charita,Cram,ccram34@themeforest.net,Female,18/06/1990
1103,Evelyn,Gaskamp,egaskamp9u@businesswire.com,Male,16/06/1986
1105,Angeline,De Beneditti,adebenedittibf@com.com,Female,1992/11/11
1106,Marlin,Vogt,mvogtbd@51.la,Male,1992/12/09
1107,Rubie,Mandrier,rmandrierch@cafepress.com,Female,13/02/1986
1108,Brandy,Syrett,bsyrett6w@cocolog-nifty.com,Male,1992/10/16
1109,Demott,Benian,dbenian7i@yellowpages.com,Male,04/09/1993
1110,Amalie,Erett,aerett5v@newsvine.com,Female,19/12/1986
1111,Tarrah,Schnitter,tschnitter8x@goo.gl,Female,07/05/1987
1112,Gardener,Jenney,gjenneyc2@eepurl.com,Male,1999/05/16
1116,Thedric,Trorey,ttroreybm@ucsd.edu,Male,22-Sep-1987
1117,Tarah,Kerswell,tkerswell5r@si.edu,Female,1994/03/12
1118,Christy,Dyke,cdyke61@chronoengine.com,Female,1993/06/17
1119,Bronnie,Pethick,bpethick73@disqus.com,Male,1988/09/10
1120,Toma,Burtwell,tburtwellcf@nps.gov,Female,06-Jun-1994
1121,Sander,Toogood,stoogood17@moonfruit.com,Male,28/07/1989
1122,Ashlee,Limpkin,alimpkin61@narod.ru,Female,23/04/1988
1123,Tremayne,Verdie,tverdie2m@indiatimes.com,Male,1988/05/17
1124,Ferguson,Bridson,fbridsonbc@state.tx.us,Male,09/07/1990
1125,Annice,Heers,aheers6n@amazon.com,Female,05/05/1996
1126,Salomone,Mumbeson,smumbeson8q@meetup.com,Male,11/01/1996
1127,Farrand,Baggiani,fbaggiani8k@google.nl,Female,1999/01/17
1128,Chandal,Orgen,corgen8c@etsy.com,Female,02-Mar-1987
1129,Myriam,Agglione,magglione9f@friendfeed.com,Female,1996/06/22
1130,Melany,Copins,mcopinscq@booking.com,Female,1993/09/01
1131,Katerina,Giovannilli,kgiovannilli8y@noaa.gov,Female,1989/02/27
1132,Bridgette,Hodgin,bhodginds@vkontakte.ru,Female,1993/04/30
1133,Merralee,Brisard,mbrisard7j@disqus.com,Female,30/10/1989
1134,Anna,Lindsey,alindsey4m@nps.gov,Female,25-Nov-1996
1135,Cathe,Croke,ccroke5q@indiegogo.com,Female,1999/12/21
1136,Alden,Shedd,asheddd6@chron.com,Male,02-Feb-1994
1137,Red,Sate,rsatebn@opensource.org,Male,25/10/1995
1139,Dyann,Dicte,ddicte37@privacy.gov.au,Female,29-Apr-1996
1140,Patricia,Wickliffe,pwickliffe83@cdbaby.com,Female,14-Jul-1991
1142,Margarita,Scohier,mscohier5@canalblog.com,Female,12-Dec-1999
1143,Hildegarde,Guisler,hguislerd1@topsy.com,Female,1999/09/09
1144,Arlene,Folshom,afolshom26@marketwatch.com,Female,16-Apr-1996
1145,Mahmoud,Poulsom,mpoulsom88@ezinearticles.com,Male,23/04/1993
1147,Roi,Maplesden,rmaplesden8b@foxnews.com,Male,03-Mar-1991
1148,Lind,Somerled,lsomerled54@ucsd.edu,Male,07-Dec-1985
1149,Doroteya,Everly,deverly92@ft.com,Female,1987/09/10
1150,Natala,Di Carlo,ndicarlo3m@telegraph.co.uk,Female,1990/01/16
1151,Marrilee,Denekamp,mdenekamp95@wikispaces.com,Female,22-Mar-1988
1152,Gui,Stendell,gstendell3y@state.gov,Female,1995/04/06
1153,Iggy,Guillem,iguillem2u@dedecms.com,Male,30/06/1987
1154,Humberto,Stowers,hstowersdi@spiegel.de,Male,16-Aug-1989
1156,Bertine,Calvey,bcalvey27@dyndns.org,Female,28-Jul-1997
1157,Antony,Giacomo,agiacomodk@smugmug.com,Male,21-Jan-1995
1158,Odele,Dalley,odalleydo@istockphoto.com,Female,17/10/1995
1160,Mano,Jonuzi,mjonuzi44@about.com,Male,27-Oct-1989
1161,Harvey,Elis,heliscr@dion.ne.jp,Male,02/10/1993
1162,Derril,Tybalt,dtybaltaw@ocn.ne.jp,Male,15-Feb-1995
1163,Lisa,Jankovsky,ljankovsky7k@ezinearticles.com,Female,04-Aug-1997
1164,Marcus,Ambrosi,mambrosi5y@theglobeandmail.com,Male,1985/08/10
1165,Joelynn,Dawbury,jdawbury5d@epa.gov,Female,11/04/1998
1166,Roseline,Padkin,rpadkin6s@acquirethisname.com,Female,1999/08/12
1167,Ettie,Roscamps,eroscamps8a@cocolog-nifty.com,Female,27-May-1995
1168,Raddy,Kelley,rkelleybf@google.co.uk,Male,04/05/1992
1169,Alie,McTavy,amctavybn@state.gov,Female,01-Jan-1989
1170,Lion,Rodda,lroddaaw@utexas.edu,Male,22/06/1994
1172,Cyrille,Merrien,cmerrienk@amazon.com,Male,18/08/1987
1173,Francklin,Karslake,fkarslake3m@tinypic.com,Male,29/06/1998
1174,Francklin,Kerwin,fkerwin61@latimes.com,Male,13-Mar-1986
1175,Sunny,Sunman,ssunman4a@whitehouse.gov,Male,30/05/1989
1176,Lorelei,MacLese,lmaclese6h@ustream.tv,Female,10-Jun-1996
1177,Halette,Fairbairn,hfairbairno@zimbio.com,Female,24-Jan-1993
1178,Persis,Dorricott,pdorricott55@netvibes.com,Female,1988/03/31
1179,Zola,Meas,zmeas3r@pen.io,Female,25/02/1993
1180,Honey,McCosker,hmccosker1t@netlog.com,Female,1986/06/04
1181,Cedric,Ellson,cellson35@google.it,Male,13-Sep-1988
1182,Constance,Buckenham,cbuckenham1q@typepad.com,Female,16-Aug-1985
1183,Lizzy,Colenutt,lcolenuttb1@e-recht24.de,Female,02-Dec-1985
1184,Pearce,Greendale,pgreendalec2@cbsnews.com,Male,02-Nov-1994
1185,Ofella,Binder,obinderbx@ihg.com,Female,03-Jul-1985
1186,Valentine,Fairweather,vfairweather3z@theglobeandmail.com,Male,15/04/1993
1187,Laurette,Cockayme,lcockaymea3@histats.com,Female,29-Apr-1991
1188,Suellen,Simonitto,ssimonitto38@google.com,Female,11/06/1990
1189,Berke,Yegorkin,byegorkinp@whitehouse.gov,Male,19-Mar-1991
1190,Ced,Alelsandrowicz,calelsandrowicz4c@jigsy.com,Male,11/03/1989
1191,Alasdair,De Bruyne,adebruyne8s@nifty.com,Male,1997/10/27
1192,Nichole,Neary,nneary2n@bloglines.com,Female,24-Nov-1990
1193,Laureen,Konke,lkonke3k@jalbum.net,Female,31-Aug-1988
1194,Bogey,Frizzell,bfrizzell24@free.fr,Male,1990/02/15
1195,Lammond,Matej,lmatejv@slideshare.net,Male,10-Feb-1994
1196,Bel,Deex,bdeexbl@columbia.edu,Female,11/08/1989
1197,Dyanna,Gateley,dgateley66@economist.com,Female,1989/11/24
1198,Juliet,Cawley,jcawley3l@ucoz.com,Female,1991/08/04
1199,Jacklyn,Uwins,juwinscm@state.gov,Female,24-Feb-1990
1200,Will,Oliphard,woliphard9m@aboutads.info,Male,1995/08/31
1201,Bryana,Tapner,btapnerdf@reuters.com,Female,03-Jan-1997
1202,Bennie,Pocklington,bpocklingtondu@nydailynews.com,Male,02/01/1996
1203,Elmo,Ealles,eeallesbt@unicef.org,Male,1988/12/04
1204,Midge,Ramalho,mramalhoaf@last.fm,Female,02/07/1997
1205,Dukie,Blackney,dblackney78@biglobe.ne.jp,Male,19-Mar-1993
1206,Yoshiko,Woolmore,ywoolmore2z@state.gov,Female,30-Oct-1985
1208,Hadrian,McClelland,hmcclelland7@purevolume.com,Male,08-Mar-1994
1209,Eward,Stathers,estathers1u@marriott.com,Male,14/05/1996
1210,Valentina,Lowles,vlowlesdb@tinyurl.com,Female,12-Sep-1994
1211,Ossie,Challicum,ochallicuma8@cocolog-nifty.com,Male,29-Sep-1998
1212,Elsinore,Fearnall,efearnall99@mit.edu,Female,1992/10/11
1213,Franciskus,Jonczyk,fjonczykl@imdb.com,Male,1996/09/17
1214,Libbi,Fossick,lfossick9b@ftc.gov,Female,21/12/1996
1215,Lian,Franzonello,lfranzonellog@trellian.com,Female,1999/01/17
1216,Aguistin,Ferreli,aferreli2t@virginia.edu,Male,09-Feb-1995
1217,Myca,Hedau,mhedauac@cocolog-nifty.com,Male,1998/09/24
1218,Christel,Smedmore,csmedmore4o@cnn.com,Female,30-Jun-1993
1219,Pegeen,Jesteco,pjesteco6v@de.vu,Female,1994/04/22
1220,Ross,Cozzi,rcozzi6b@mashable.com,Male,18/01/1990
1222,Sheeree,Klousner,sklousner5l@blogtalkradio.com,Female,22-Dec-1991
1223,Aleece,Baldi,abaldi7n@unicef.org,Female,1987/02/03
1224,Raimundo,Cranage,rcranagec1@simplemachines.org,Male,28-Dec-1996
1225,Thelma,Boriston,tboriston2c@bravesites.com,Female,21/08/1991
1226,Lavinia,Buckles,lbuckles9m@elpais.com,Female,07-Nov-1993
1227,Alvan,Falconer,afalconerd1@sohu.com,Male,11-Apr-1999
1228,Markos,Jennery,mjennery9z@seattletimes.com,Male,03-Aug-1991
1229,Sophi,Dentith,sdentith8y@gravatar.com,Female,07-Oct-1998
1230,Glenden,Zecchinelli,gzecchinellic5@linkedin.com,Male,15/08/1991
1231,Nerta,Prest,nprest2g@europa.eu,Female,1987/02/24
1233,Roberta,Barnewell,rbarnewell1r@usgs.gov,Female,30-May-1997
1234,Erek,Biermatowicz,ebiermatowiczm@guardian.co.uk,Male,1994/04/30
1235,Ethel,Breakspear,ebreakspearck@uol.com.br,Female,10/03/1990
1236,Yanaton,Hanford,yhanfordcj@bbb.org,Male,13/09/1998
1237,Fulvia,Fossord,ffossordax@ibm.com,Female,02/01/1991
1238,Ezechiel,Chaudrelle,echaudrelle7n@addtoany.com,Male,13/06/1990
1239,Cleopatra,Coarser,ccoarser1v@noaa.gov,Female,03-Jun-1988
1240,Alvie,Bantick,abantick6u@walmart.com,Male,1988/12/03
1241,Northrop,Batman,nbatman60@ocn.ne.jp,Male,06/02/1991
1242,Nichole,Newis,nnewis45@rakuten.co.jp,Male,18/09/1992
1243,Kellie,Antoniutti,kantoniuttiar@telegraph.co.uk,Female,03/12/1993
1245,Celka,Cloute,ccloutecy@vk.com,Female,11/11/1989
1246,Krysta,Hucquart,khucquart9g@amazonaws.com,Female,02/07/1991
1247,Orella,Jane,ojane6o@twitter.com,Female,1991/01/07
1248,Aurelie,Yosifov,ayosifovdb@edublogs.org,Female,1995/06/12
1249,Fraze,Ovendon,fovendon2v@google.ru,Male,18/12/1994
1250,Deeyn,Lyttle,dlyttle1w@creativecommons.org,Female,08-Dec-1988
1251,Doti,Stonnell,dstonnell4n@bigcartel.com,Female,19-Sep-1994
1252,Ester,Petchey,epetcheyat@mashable.com,Female,07-Aug-1987
1253,Kameko,Zimmermeister,kzimmermeister9l@ftc.gov,Female,1986/01/13
1254,Garret,Brims,gbrims6a@google.cn,Male,30-Jan-1999
1255,Chery,Capper,ccapper6@marriott.com,Female,12-Oct-1999
1256,Nina,Edmondson,nedmondson1y@cisco.com,Female,05/10/1990
1257,Ellis,Toohey,etoohey7l@comsenz.com,Male,25/08/1989
1258,Norby,Coulton,ncoulton2v@bing.com,Male,14-Sep-1996
1259,Edgardo,Caine,ecaine5c@furl.net,Male,02/12/1994
1260,Deena,Pocknell,dpocknellbt@hibu.com,Female,12-Mar-1987
1262,Nikolos,Finnimore,nfinnimore40@tiny.cc,Male,31-May-1996
1263,Carter,Cossar,ccossara4@naver.com,Male,07-Apr-1993
1264,Keslie,Welsby,kwelsbydq@jigsy.com,Female,1991/04/23
1265,Collen,Richmont,crichmontdd@wsj.com,Female,03-Apr-1986
1268,Weider,Thorneywork,wthorneywork6s@free.fr,Male,16/03/1996
1269,Tabbie,Haskell,thaskell91@mashable.com,Female,25-Jul-1998
1270,Hollis,Tumilson,htumilson8g@desdev.cn,Male,10-Jan-1988
1271,Micheal,Bartol,mbartol3q@comcast.net,Male,06/01/1990
1272,Emilio,Stapleford,estapleford5x@wix.com,Male,03/06/1987
1273,Guthry,Gelderd,ggelderd67@pcworld.com,Male,15-Apr-1999
1274,Ralf,Aberdalgy,raberdalgybe@wikispaces.com,Male,28/01/1997
1275,Corby,Soggee,csoggee1x@bravesites.com,Male,12/12/1994
1276,Rozanne,Fulep,rfulep5z@so-net.ne.jp,Female,1996/10/07
1277,Gilbert,Kingston,gkingston70@hhs.gov,Male,1987/11/14
1278,Louella,Beincken,lbeincken5y@blog.com,Female,26-Apr-1990
1279,Deidre,Rabbitts,drabbittse@who.int,Female,1995/12/27
1281,Annabel,Adan,aadan4f@plala.or.jp,Female,1995/04/20
1282,Rochester,Aleveque,ralevequeaz@ftc.gov,Male,08/04/1996
1283,Tadd,Brennen,tbrennen5r@cocolog-nifty.com,Male,12/04/1997
1284,Patty,Hewins,phewinsa@wordpress.com,Male,1989/03/24
1285,Kare,Maytom,kmaytomdp@tinypic.com,Female,1997/03/19
1286,Trix,Biset,tbiset99@issuu.com,Female,11/04/1997
1287,Annetta,Linwood,alinwood3h@fc2.com,Female,01-Dec-1999
1288,Brice,Arnall,barnalldq@abc.net.au,Male,05-Apr-1986
1289,Sydney,Upchurch,supchurch7d@ucoz.com,Female,10-Jan-1986
1290,Niel,Clayden,nclaydencx@cbsnews.com,Male,1990/02/12
1292,Cullin,Paige,cpaigebw@nymag.com,Male,18-Feb-1995
1293,Elka,Phizakarley,ephizakarley2d@dyndns.org,Female,09/03/1998
1294,Page,Cowland,pcowlandy@google.cn,Female,1996/11/14
1295,Aldus,Collibear,acollibear8v@blog.com,Male,1995/06/22
1296,Regan,McGonigle,rmcgoniglea9@umich.edu,Female,1985/05/29
1297,Blinni,Wathall,bwathallb4@posterous.com,Female,21-Jun-1994
1298,Kristien,Belsey,kbelseyb5@cafepress.com,Female,05-Mar-1996
1299,Lion,Manby,lmanby1u@phpbb.com,Male,1987/07/08
1301,Oralle,Kornyakov,okornyakov7v@infoseek.co.jp,Female,1985/04/21
1302,Barny,Andres,bandres69@merriam-webster.com,Male,1989/02/17
1303,Marti,Lundbech,mlundbech5s@businessinsider.com,Female,07/08/1986
1304,Diarmid,Edgars,dedgars16@narod.ru,Male,17/08/1988
1305,Thedric,Mungane,tmungane1l@columbia.edu,Male,08-Oct-1997
1306,Fiorenze,Eustanch,feustanch44@earthlink.net,Female,1998/02/04
1307,Gretal,Grass,ggrass31@tinyurl.com,Female,23-Jul-1991
1308,Lammond,Bricksey,lbrickseybx@cpanel.net,Male,12/06/1998
1309,Benjamin,Gercken,bgerckenaw@squidoo.com,Male,1991/09/17
1310,Catrina,Gallety,cgalletycm@bloglines.com,Female,1992/07/25
1311,Reinaldos,Orman,rorman27@geocities.jp,Male,25/08/1995
1312,Dedie,Chatenet,dchatenet2b@dot.gov,Female,29/10/1988
1313,Harvey,Grog,hgrog7a@google.com.au,Male,10-Oct-1998
1314,Jamesy,Comi,jcomici@networksolutions.com,Male,14-Oct-1985
1315,Ashien,Mitchinson,amitchinsonb2@flickr.com,Female,28-Jan-1986
1316,Ashely,Wrighton,awrighton7m@slashdot.org,Female,19/04/1985
1318,Harvey,Walewski,hwalewski59@infoseek.co.jp,Male,1991/01/26
1319,Louie,Wardall,lwardall4c@ameblo.jp,Male,1998/02/06
1320,Glenden,Dovydenas,gdovydenasd5@scientificamerican.com,Male,1998/12/23
1321,Reinaldos,Blankau,rblankaur@dot.gov,Male,05-Aug-1998
1322,Byron,Napoli,bnapoli39@army.mil,Male,1991/05/29
1323,Nannette,Madeley,nmadeley87@geocities.jp,Female,04/11/1991
1324,Antonetta,McLoney,amcloney71@over-blog.com,Female,07-May-1995
1325,Shaw,Desvignes,sdesvignesaa@businesswire.com,Male,15/10/1996
1326,Allsun,Seacombe,aseacombe8v@thetimes.co.uk,Female,09-Mar-1987
1327,Flo,Blowen,fblowenbr@vk.com,Female,15-Apr-1996
1329,Debby,Ondrusek,dondrusekct@skype.com,Female,01/12/1990
1331,Helene,Wetheril,hwetherilbv@rakuten.co.jp,Female,1993/10/24
1332,Brnaba,Banger,bbangerbb@ibm.com,Male,1987/01/18
1333,Lucille,Pinxton,lpinxton8r@newyorker.com,Female,1989/10/15
1334,Meg,Ryce,mryce24@sitemeter.com,Female,11/04/1990
1335,Dyana,Tupman,dtupmandd@homestead.com,Female,1998/01/09
1336,Grant,Adamides,gadamides4v@dailymotion.com,Male,22-Aug-1991
1337,Paulie,Saxelby,psaxelby2j@dropbox.com,Male,07/11/1985
1338,Marje,Kremer,mkremer25@nifty.com,Female,14-Apr-1991
1339,Carly,Orhrt,corhrt4s@weather.com,Female,1991/09/22
1341,Shanta,Verden,sverden6q@spotify.com,Female,19-May-1990
1342,Ernesta,Schmuhl,eschmuhl59@themeforest.net,Female,21/04/1986
1343,Ruggiero,Ragless,rragless7c@un.org,Male,22-Jan-1987
1344,Kenon,Fraschetti,kfraschettidu@gov.uk,Male,1997/12/08
1345,Hussein,Scaddon,hscaddon9q@state.tx.us,Male,30/10/1986
1346,Dionysus,Ryman,dryman6l@issuu.com,Male,02/06/1992
1347,Giff,Matei,gmatei4z@hubpages.com,Male,30/12/1993
1348,Curr,Tivnan,ctivnana7@youku.com,Male,08/04/1993
1349,Raven,Kamien,rkamien2r@nhs.uk,Female,1995/12/15
1350,Gilberta,Hawes,ghawesda@telegraph.co.uk,Female,20-Mar-1986
1351,Richard,Henryson,rhenryson6z@howstuffworks.com,Male,1993/08/08
1352,Felic,Bonome,fbonome12@pbs.org,Male,27/10/1988
1354,Matilde,Yeowell,myeowell36@intel.com,Female,14-Feb-1997
1355,Anastassia,Burkitt,aburkitt30@illinois.edu,Female,1992/10/11
1357,Marjorie,Jeffs,mjeffs2c@redcross.org,Female,31-Dec-1987
1359,Kikelia,Golbourn,kgolbourn6y@weebly.com,Female,18/02/1999
1360,Albrecht,Eschalette,aeschalette45@weibo.com,Male,1990/11/15
1361,Emory,Dumper,edumperh@tinypic.com,Male,27-Feb-1997
1362,Rafael,Bolam,rbolamch@xinhuanet.com,Male,1993/12/25
1363,Drusy,Galiero,dgaliero32@amazon.co.uk,Female,15/09/1989
1364,Jilli,Keach,jkeach60@tiny.cc,Female,24-Oct-1985
1366,Kimball,Summerlee,ksummerlee1e@miibeian.gov.cn,Male,16/08/1987
1367,Vale,Pickup,vpickupc8@springer.com,Female,14-Mar-1999
1368,Abdel,Raubheim,araubheim9c@salon.com,Male,1986/08/01
1370,Jehu,Francecione,jfrancecionece@foxnews.com,Male,26-Oct-1998
1371,Faulkner,Mould,fmould84@soundcloud.com,Male,13-Dec-1991
1372,Starla,Gann,sgannc@technorati.com,Female,10-Mar-1999
1373,Lyn,Beeching,lbeeching94@microsoft.com,Female,1987/06/25
1374,Harriette,Hultberg,hhultbergaa@opera.com,Female,1995/06/28
1375,Diandra,Dunkley,ddunkleydo@gnu.org,Female,1987/12/27
1376,Josi,Slyne,jslyne97@dell.com,Female,21-Aug-1997
1377,Kelly,Eldin,keldinai@constantcontact.com,Female,17/02/1988
1379,Leeann,McAnulty,lmcanultyck@shareasale.com,Female,1995/12/10
1380,Dukie,Byart,dbyartay@ed.gov,Male,04/11/1999
1382,Arvin,Riquet,ariquet72@biblegateway.com,Male,26-May-1988
1383,Paolo,Sawtell,psawtell1a@jigsy.com,Male,24/05/1991
1384,Darcy,Blandamore,dblandamorear@sun.com,Male,1995/11/03
1385,Caleb,Brunelleschi,cbrunelleschiam@hatena.ne.jp,Male,19/05/1988
1386,Darius,Yerbury,dyerburyb6@linkedin.com,Male,30/12/1992
1387,Cecilius,Murfin,cmurfinc1@xrea.com,Male,1987/09/15
1389,Fraze,Starkie,fstarkiea@elpais.com,Male,02-Jun-1990
1390,Jakob,Clayborn,jclayborn4u@tmall.com,Male,1986/03/17
1391,Orella,Raulstone,oraulstone3d@webmd.com,Female,05/09/1995
1392,Rosina,Rives,rrives9s@google.it,Female,01-Nov-1986
1394,Wayland,Peteri,wpeteric0@dedecms.com,Male,13-Oct-1999
1395,Fredelia,Quiddinton,fquiddintonbs@simplemachines.org,Female,1994/12/30
1396,Con,Grinnikov,cgrinnikov8m@macromedia.com,Male,23/01/1997
1397,Krystle,Shill,kshill3g@intel.com,Female,21-Jul-1995
1398,Pembroke,Raubheim,praubheim9g@cmu.edu,Male,1998/08/07
1399,Jarrod,Stendell,jstendellb@google.co.jp,Male,30/01/1985
1400,Barnett,MacColgan,bmaccolgano@list-manage.com,Male,1986/09/14
1401,Fletcher,Remer,fremer1j@aol.com,Male,27-Nov-1995
1403,Clarita,Louw,clouw4x@independent.co.uk,Female,17-Sep-1993
1404,Coretta,Keetley,ckeetleya2@cam.ac.uk,Female,1992/07/06
1406,Aliza,Woollcott,awoollcottbg@state.gov,Female,1988/06/24
1408,Nedda,Odlin,nodlin19@census.gov,Female,19/03/1989
1409,Kym,Habbergham,khabbergham62@google.fr,Female,1993/03/17
1410,Amil,Kernoghan,akernoghan3a@rambler.ru,Female,1993/05/30
1411,Alfie,Whaley,awhaleyar@tamu.edu,Male,09-Sep-1991
1412,Emmett,Shimuk,eshimuk5y@microsoft.com,Male,19/04/1986
1413,Graeme,Glazier,gglazierah@godaddy.com,Male,02-Apr-1997
1414,Tandie,Savege,tsavegeb@netlog.com,Female,1997/05/23
1415,Rodi,Bunstone,rbunstoneaf@arizona.edu,Female,1990/11/30
1416,Van,Antusch,vantusch4d@amazon.com,Male,1998/10/02
1417,Idalina,Regus,iregus2n@spiegel.de,Female,1995/04/22
1418,Robyn,Castellino,rcastellino1u@4shared.com,Female,20-Aug-1999
1419,Jabez,Dorbin,jdorbin4u@jiathis.com,Male,25/05/1998
1420,Sherwin,Hutchings,shutchings3n@creativecommons.org,Male,1997/10/11
1421,Forester,Deshon,fdeshon58@sourceforge.net,Male,20/06/1987
1422,Art,Haggerwood,ahaggerwoodw@mozilla.com,Male,30/01/1995
1423,Rickey,Sunley,rsunleycn@ihg.com,Male,17/11/1992
1424,Ignacio,Ianinotti,iianinotticf@lulu.com,Male,08/09/1985
1425,Debbi,Borrill,dborrill1p@comcast.net,Female,01/04/1990
1426,Gareth,Spino,gspinobc@usda.gov,Male,1989/12/01
1427,Hazlett,Sallery,hsallery25@baidu.com,Male,11/02/1992
1428,Barnabas,Northen,bnorthen2w@sciencedaily.com,Male,1990/04/13
1429,Glen,Beadles,gbeadles56@mozilla.org,Female,1995/05/16
1430,Anselma,Crossthwaite,acrossthwaite1j@php.net,Female,25/03/1987
1431,Laura,Geach,lgeach86@amazon.com,Female,17-Jan-1995
1432,Emmanuel,Cinavas,ecinavas9e@github.io,Male,29/09/1994
1433,Wakefield,Chattelaine,wchattelaine50@dion.ne.jp,Male,1990/12/03
1434,Orv,Huffey,ohuffey3a@ask.com,Male,28/05/1989
1435,Lorant,Peschet,lpeschetcn@freewebs.com,Male,23-Aug-1991
1436,Connie,Hardcastle,chardcastleba@typepad.com,Male,26/07/1998
1437,Leonidas,Webben,lwebben4d@constantcontact.com,Male,12-Mar-1996
1438,Debi,Izacenko,dizacenko4a@wix.com,Female,1991/12/02
1439,Maddalena,Orford,morford9@youtu.be,Female,16-Jun-1985
1441,Elonore,Screase,escrease4v@time.com,Female,1994/12/01
1442,Ariel,Lowery,alowery36@illinois.edu,Male,29/06/1988
1443,Angie,Jirus,ajirusbe@mail.ru,Male,01-Oct-1988
1444,Terese,Bolwell,tbolwell6w@guardian.co.uk,Female,15-Nov-1998
1445,Dalila,Vanichev,dvanichev6h@smugmug.com,Female,1987/10/18
1446,Caty,Dowry,cdowry6m@wordpress.com,Female,06-Feb-1988
1447,Aime,O'Lahy,aolahyf@berkeley.edu,Female,26-Jan-1998
1448,Teresita,Worner,tworner5n@dedecms.com,Female,04/12/1994
1449,Ike,Godby,igodbyac@example.com,Male,22-May-1999
1450,Archibold,Audsley,aaudsley9n@scientificamerican.com,Male,1990/06/10
1451,Wilbert,Zambon,wzambon6k@mac.com,Male,1999/06/08
1453,Travis,Daggett,tdaggettcj@businessinsider.com,Male,1995/12/11
1454,Kendell,Gillatt,kgillatt79@moonfruit.com,Male,28-Jul-1995
1455,Van,Sigward,vsigward5z@ameblo.jp,Female,23-Sep-1994
1457,Annette,Le Count,alecount7u@webeden.co.uk,Female,18/05/1988
1458,Garold,Sunshine,gsunshine2t@wix.com,Male,1991/04/13
1459,Benedick,Franciotti,bfranciottia8@topsy.com,Male,1991/10/29
1460,Miriam,Withull,mwithullbu@unicef.org,Female,16-May-1985
1461,Mara,Souster,msouster4t@mozilla.com,Female,1986/07/26
1462,Ursulina,Ragless,uraglessj@senate.gov,Female,01/09/1998
1463,Dallas,Sunley,dsunleyai@cnet.com,Male,1997/10/23
1464,Kristine,Mourton,kmourton29@usnews.com,Female,18-Jul-1992
1466,Ancell,Dykas,adykascl@blogspot.com,Male,17-Jul-1988
1467,Fenelia,Adan,fadandv@google.ru,Female,19/01/1988
1468,Shermie,Le Marchant,slemarchant6o@ycombinator.com,Male,11-Feb-1992
1469,Norene,O'Kuddyhy,nokuddyhycx@chronoengine.com,Female,19/03/1987
1470,Lamont,MacGarrity,lmacgarrityc3@who.int,Male,1991/08/28
1471,Christi,Hadny,chadnyd7@wordpress.org,Female,1995/07/25
1472,Tierney,Greatbach,tgreatbach6z@mapquest.com,Female,18-Jan-1985
1473,Haven,Birdall,hbirdallcz@nbcnews.com,Male,02/04/1991
1474,Murielle,Burwell,mburwelld1@ehow.com,Female,10/12/1998
1475,Sheffie,Lashmore,slashmore6d@timesonline.co.uk,Male,1995/07/22
1476,Woodman,Aprahamian,waprahamian5g@scribd.com,Male,1996/09/21
1478,Welbie,Hepher,whepherc6@jiathis.com,Male,1991/06/11
1479,Paddy,Olland,polland42@unc.edu,Male,1985/08/25
1480,Tristan,Tellesson,ttellesson11@blogger.com,Male,28-Jun-1991
1481,Kerr,Brands,kbrandsap@artisteer.com,Male,12/05/1995
1482,Olivier,Altamirano,oaltamirano3z@sourceforge.net,Male,1997/04/01
1483,Dorthea,Lyndon,dlyndon8n@hostgator.com,Female,17/02/1999
1484,Holli,Snibson,hsnibsoncy@cornell.edu,Female,1991/06/22
1485,Bobby,Dysart,bdysart7b@nih.gov,Male,20-Apr-1986
1486,Rhiamon,Rhubottom,rrhubottomb9@mozilla.org,Female,1985/12/18
1487,Ahmed,Philott,aphilott3v@weibo.com,Male,1998/11/18
1488,Lorrie,Bonanno,lbonannocq@deviantart.com,Male,06-Mar-1993
1489,Aleen,Wise,awise9a@tinypic.com,Female,02-Jul-1986
1490,Henka,Lantaff,hlantaffd7@unesco.org,Female,02-Jun-1998
1491,Kennie,Beaumont,kbeaumont5d@com.com,Male,26-Feb-1986
1493,Kerrie,Leavry,kleavry7c@istockphoto.com,Female,1994/12/31
1494,Fernando,Hawkslee,fhawkslee9p@skyrock.com,Male,17/10/1991
1495,Vito,Stanluck,vstanluckcw@123-reg.co.uk,Male,05/04/1985
1496,Demetria,Spear,dspear4f@whitehouse.gov,Female,29-Sep-1997
1497,Kristina,Rosellini,krosellini3u@home.pl,Female,1996/06/03
1498,Aharon,Kepp,akepp2o@intel.com,Male,20/03/1985
1499,Kesley,Dunton,kdunton9v@buzzfeed.com,Female,05-Sep-1987
