ID,first_name,last_name,email,gender,domian,DOB,Age
0,Henrik,Mouton,hmouton4f@qq.com,Male,qq.com,18/03/1986,36
1,Sam,Voyce,svoyce9b@microsoft.com,Female,microsoft.com,27/11/1990,31
2,Pete,O'Caine,pocaineas@adobe.com,Male,adobe.com,06/02/1993,29
3,Harlan,Ludwell,hludwell7f@simplemachines.org,Male,simplemachines.org,15/06/1995,26
4,Reade,Glasper,rglasper6s@ox.ac.uk,Male,ox.ac.uk,09/05/1996,26
6,Irvine,Looby,ilooby7f@usda.gov,Male,usda.gov,15/10/1987,34
8,Rog,Yerrall,ryerrallk@so-net.ne.jp,Male,so-net.ne.jp,24/02/1985,37
9,Sancho,Clines,sclines17@about.me,Male,about.me,11/02/1990,32
10,Joanna,Coghlin,jcoghlin4z@twitpic.com,Female,twitpic.com,09/06/1987,34
11,Bronny,Loveard,bloveard80@theguardian.com,Male,theguardian.com,25/06/1988,33
12,Laurens,Elphick,lelphick2x@g.co,Male,g.co,18/06/1991,30
13,Tanitansy,Pylkynyton,tpylkynyton9i@over-blog.com,Female,over-blog.com,18/06/1987,34
14,Anna-diana,Ratray,aratray42@spiegel.de,Female,spiegel.de,28/08/1989,32
15,Sinclare,Birks,sbirks72@instagram.com,Male,instagram.com,05/04/1991,31
16,Osbourn,Heeks,oheeksao@slashdot.org,Male,slashdot.org,04/12/1997,24
17,Herta,Commucci,hcommucci9h@nyu.edu,Female,nyu.edu,21/10/1991,30
18,Irwinn,Bramer,ibramer4r@ning.com,Male,ning.com,16/05/1998,24
19,Cammi,Geaves,cgeaves4o@shareasale.com,Female,shareasale.com,28/10/1989,32
20,Leonidas,St. Quintin,lstquintin2e@rediff.com,Male,rediff.com,11/03/1995,27
21,Osborn,Northin,onorthin8e@nydailynews.com,Male,nydailynews.com,20/11/1996,25
22,Binny,Masse,bmasse3p@imageshack.us,Female,imageshack.us,13/07/1997,24
23,Wilow,Tointon,wtointone@moonfruit.com,Female,moonfruit.com,14/06/1992,29
24,Chance,Nerval,cnerval9r@deliciousdays.com,Male,deliciousdays.com,08/05/1994,28
25,Nataniel,Knights,nknights1o@ibm.com,Male,ibm.com,01/04/1996,26
26,Kip,Pinney,kpinney1y@fda.gov,Male,fda.gov,28/07/1996,25
27,Aridatha,Aitchinson,aaitchinson9v@msu.edu,Female,msu.edu,11/05/1986,36
28,Prescott,Twiddy,ptwiddy3g@oakley.com,Male,oakley.com,09/11/1996,25
29,Ring,Flaxman,rflaxman4j@acquirethisname.com,Male,acquirethisname.com,25/04/1991,31
30,Jillian,Hawksley,jhawksley4@nba.com,Female,nba.com,10/01/1988,34
31,Mylo,Najafian,mnajafian74@latimes.com,Male,latimes.com,24/11/1985,36
32,Aluin,Cops,acopsal@hc360.com,Male,hc360.com,25/01/1990,32
33,Sancho,Newlove,snewlove4r@bloomberg.com,Male,bloomberg.com,24/12/1995,26
34,Royall,McDaid,rmcdaid6z@naver.com,Male,naver.com,02/11/1993,28
35,Nicki,Balog,nbalogd0@china.com.cn,Female,china.com.cn,07/07/1991,30
36,Sarah,Sandwith,ssandwithcd@reuters.com,Female,reuters.com,15/01/1989,33
37,Joletta,Buxsey,jbuxsey2x@bloglovin.com,Female,bloglovin.com,24/05/1997,24
39,Thaddeus,Covil,tcovil6t@jigsy.com,Male,jigsy.com,23/10/1996,25
40,Nanette,Eliff,neliffd8@exblog.jp,Female,exblog.jp,27/03/1999,23
41,Cherlyn,Earp,cearp45@e-recht24.de,Female,e-recht24.de,21/09/1998,23
42,Bud,Yerill,byerill70@spotify.com,Male,spotify.com,06/05/1992,30
43,Nobe,Mantrip,nmantrip7w@stanford.edu,Male,stanford.edu,27/10/1996,25
44,Roshelle,Reinert,rreinert7r@princeton.edu,Female,princeton.edu,24/06/1998,23
45,Donall,Corter,dcorterct@hud.gov,Male,hud.gov,29/10/1989,32
46,Silvano,Tomaselli,stomaselli3h@unicef.org,Male,unicef.org,23/03/1994,28
47,Angeline,Burtenshaw,aburtenshaw5n@miibeian.gov.cn,Female,miibeian.gov.cn,15/07/1985,36
48,Kin,Stovell,kstovell6b@ibm.com,Male,ibm.com,10/10/1985,36
50,Estrellita,Chapple,echapple7h@youtube.com,Female,youtube.com,13/09/1999,22
52,Lia,Raoult,lraoultcw@washington.edu,Female,washington.edu,15/10/1998,23
53,Marchelle,Setchfield,msetchfield3b@purevolume.com,Female,purevolume.com,19/07/1998,23
54,Nikolas,Westraw,nwestrawa@ehow.com,Male,ehow.com,10/01/1993,29
56,Alanson,Jeannon,ajeannondh@google.com.au,Male,google.com.au,29/06/1994,27
57,Ange,Somers,asomerscb@cloudflare.com,Female,cloudflare.com,07/11/1998,23
58,Harrie,Kinker,hkinker3m@adobe.com,Female,adobe.com,17/09/1991,30
59,Blair,Lindbergh,blindbergh2l@reference.com,Male,reference.com,21/12/1991,30
60,Junette,Basilio,jbasilio1a@storify.com,Female,storify.com,26/10/1985,36
61,Meredeth,Hasnney,mhasnney5u@ycombinator.com,Male,ycombinator.com,25/10/1988,33
62,Lars,Cunde,lcunde96@businessweek.com,Male,businessweek.com,13/06/1996,25
63,Harrietta,Hatherley,hhatherleyde@unblog.fr,Female,unblog.fr,05/10/1995,26
64,Jessy,Robeiro,jrobeiro56@usgs.gov,Female,usgs.gov,25/02/1997,25
65,Rafaela,Lycett,rlycettq@tmall.com,Female,tmall.com,30/10/1995,26
66,Dalila,Huetson,dhuetson16@flavors.me,Female,flavors.me,02/01/1987,35
67,Torry,Vlach,tvlach7n@mail.ru,Male,mail.ru,23/08/1992,29
68,Cleavland,Rathbone,crathbone6x@cargocollective.com,Male,cargocollective.com,27/07/1987,34
69,Lars,Couvert,lcouvert2k@foxnews.com,Male,foxnews.com,17/04/1996,26
70,Solly,McLoney,smcloneydn@google.com,Male,google.com,14/06/1985,36
71,Zuzana,Shayes,zshayesab@yelp.com,Female,yelp.com,15/08/1998,23
72,Darsie,Beadnall,dbeadnallba@wikimedia.org,Female,wikimedia.org,23/04/1988,34
73,Tull,Luetchford,tluetchford2f@bloomberg.com,Male,bloomberg.com,03/08/1998,23
74,Mavra,Stamp,mstampag@chronoengine.com,Female,chronoengine.com,11/06/1996,25
75,Emmerich,Bury,ebury49@wikimedia.org,Male,wikimedia.org,17/05/1990,31
76,Leonidas,McJarrow,lmcjarrowdl@drupal.org,Male,drupal.org,02/04/1995,27
77,Arlen,Nertney,anertney7x@simplemachines.org,Male,simplemachines.org,25/06/1995,26
78,Raddy,Blanc,rblanc73@newyorker.com,Male,newyorker.com,14/07/1990,31
80,Ban,Massimi,bmassimi5j@time.com,Male,time.com,04/02/1998,24
81,Ev,Petrazzi,epetrazzi28@un.org,Male,un.org,13/08/1995,26
82,Alair,Cornelisse,acornelisse63@zimbio.com,Male,zimbio.com,16/06/1986,35
83,Mathilde,Mold,mmoldap@statcounter.com,Female,statcounter.com,15/08/1989,32
84,Blanca,Corkell,bcorkell7c@purevolume.com,Female,purevolume.com,03/08/1986,35
85,Marina,Heselwood,mheselwood4e@list-manage.com,Female,list-manage.com,17/09/1993,28
86,Winfred,Fosher,wfosher7u@acquirethisname.com,Male,acquirethisname.com,18/04/1989,33
87,Saw,Dobby,sdobby4r@scientificamerican.com,Male,scientificamerican.com,27/10/1991,30
88,Bianka,Pack,bpack6r@infoseek.co.jp,Female,infoseek.co.jp,03/03/1990,32
89,Nettie,Orton,norton7f@mail.ru,Female,mail.ru,01/12/1993,28
90,Kirbee,Devonshire,kdevonshirect@issuu.com,Female,issuu.com,12/11/1994,27
91,Arne,Nix,anix8e@seattletimes.com,Male,seattletimes.com,04/12/1994,27
92,Arny,Huburn,ahuburn97@1und1.de,Male,1und1.de,13/07/1993,28
93,Teresa,Pringuer,tpringuer5m@webeden.co.uk,Female,webeden.co.uk,27/02/1995,27
94,Cindra,Arnholz,carnholzy@ed.gov,Female,ed.gov,30/03/1998,24
95,Danita,Solly,dsolly4a@bravesites.com,Female,bravesites.com,31/10/1998,23
96,Perry,Coslett,pcoslett5i@mac.com,Female,mac.com,26/08/1994,27
97,Charmain,Canwell,ccanwell1j@europa.eu,Female,europa.eu,20/02/1988,34
98,Glenda,Trewhella,gtrewhellabs@globo.com,Female,globo.com,30/03/1997,25
99,Sinclair,Landells,slandells9r@harvard.edu,Male,harvard.edu,25/09/1993,28
100,Babbette,Clogg,bclogg64@bloglines.com,Female,bloglines.com,26/02/1989,33
101,Karalee,Hurle,khurle7m@wikimedia.org,Female,wikimedia.org,04/08/1995,26
103,Cyrillus,Gulk,cgulk6d@google.co.jp,Male,google.co.jp,18/11/1994,27
105,Sylvester,Sadlier,ssadlier9o@barnesandnoble.com,Male,barnesandnoble.com,05/07/1987,34
106,Izzy,Di Maria,idimaria4w@whitehouse.gov,Male,whitehouse.gov,07/09/1991,30
107,Abbie,Seligson,aseligson7p@hud.gov,Male,hud.gov,13/11/1998,23
108,Elspeth,Clinch,eclinch7b@tinypic.com,Female,tinypic.com,11/09/1995,26
109,Oliviero,Mountney,omountneyba@meetup.com,Male,meetup.com,12/04/1992,30
112,Venita,Managh,vmanagh7q@dropbox.com,Female,dropbox.com,15/12/1989,32
113,Moreen,Kimble,mkimbleaq@sun.com,Female,sun.com,21/12/1993,28
114,Stanislaw,Schenfisch,sschenfisch4e@auda.org.au,Male,auda.org.au,31/03/1994,28
115,Shannah,Orfeur,sorfeur3e@google.com.hk,Female,google.com.hk,15/02/1992,30
116,Matt,Eastes,meastes47@godaddy.com,Male,godaddy.com,06/10/1993,28
117,Alexandre,Sparey,aspareyda@unesco.org,Male,unesco.org,05/10/1986,35
118,Madlen,Tregunnah,mtregunnahan@usa.gov,Female,usa.gov,18/12/1996,25
119,Burr,Akaster,bakaster6a@springer.com,Male,springer.com,01/05/1987,35
120,Ray,Spurnier,rspurnier8u@umn.edu,Female,umn.edu,10/01/1993,29
121,Rosana,Beilby,rbeilby2z@japanpost.jp,Female,japanpost.jp,23/02/1992,30
122,Marlon,Jakubovsky,mjakubovsky6p@plala.or.jp,Male,plala.or.jp,10/07/1986,35
123,Albrecht,Petrashov,apetrashov5o@e-recht24.de,Male,e-recht24.de,20/04/1985,37
125,Jeremiah,Aucott,jaucottaj@indiatimes.com,Male,indiatimes.com,05/03/1989,33
126,Jolee,Molineux,jmolineux5u@zimbio.com,Female,zimbio.com,28/02/1993,29
128,Jeffie,Lias,jliasae@ocn.ne.jp,Male,ocn.ne.jp,25/01/1998,24
129,Renata,Benezet,rbenezet9i@storify.com,Female,storify.com,10/01/1996,26
130,Tonye,Stopford,tstopford9l@cnbc.com,Female,cnbc.com,13/11/1985,36
131,Jessamine,Pledge,jpledge9z@vistaprint.com,Female,vistaprint.com,10/10/1990,31
132,Neille,Amsden,namsden5i@amazon.co.uk,Female,amazon.co.uk,30/05/1999,22
133,Felizio,Davydzenko,fdavydzenkoad@devhub.com,Male,devhub.com,15/06/1995,26
134,Bryanty,McLaggan,bmclaggan60@elpais.com,Male,elpais.com,23/01/1997,25
135,Connie,Kirrens,ckirrens6y@usa.gov,Male,usa.gov,25/12/1990,31
136,Gerome,Markie,gmarkie9e@wp.com,Male,wp.com,24/02/1988,34
137,Jasun,Gammel,jgammeldq@goo.ne.jp,Male,goo.ne.jp,17/12/1994,27
138,Phillida,Candlish,pcandlisha6@tiny.cc,Female,tiny.cc,29/08/1997,24
139,Asa,Wear,awear13@bandcamp.com,Male,bandcamp.com,25/10/1997,24
140,Tanny,Kindleysides,tkindleysidescp@pbs.org,Male,pbs.org,21/06/1992,29
141,Paolina,Guirard,pguirard1e@infoseek.co.jp,Female,infoseek.co.jp,13/03/1992,30
142,Margalit,Raffles,mraffles38@domainmarket.com,Female,domainmarket.com,07/11/1995,26
145,Nannette,Arlett,narlett9f@istockphoto.com,Female,istockphoto.com,20/04/1988,34
146,Abbye,Howsego,ahowsego72@hatena.ne.jp,Female,hatena.ne.jp,01/04/1994,28
147,Codi,Harp,charpdm@nasa.gov,Female,nasa.gov,22/05/1989,32
148,Niki,Frankling,nfranklinga9@phoca.cz,Female,phoca.cz,30/05/1992,29
150,Gert,Marusic,gmarusicb0@whitehouse.gov,Female,whitehouse.gov,21/10/1998,23
151,Ivette,Lavalle,ilavalle8q@cnet.com,Female,cnet.com,19/11/1986,35
152,Thorndike,Blanche,tblanche8@auda.org.au,Male,auda.org.au,20/08/1997,24
153,Winnie,Conley,wconley9y@salon.com,Male,salon.com,07/12/1999,22
154,Pam,Shingles,pshingles39@wordpress.org,Female,wordpress.org,25/12/1991,30
155,Julee,Tripon,jtripondi@time.com,Female,time.com,27/09/1998,23
156,Hedvige,Frame,hframe77@shop-pro.jp,Female,shop-pro.jp,03/09/1989,32
157,Angelo,Gelsthorpe,agelsthorpe3o@prweb.com,Male,prweb.com,26/09/1986,35
158,De,Vasyutochkin,dvasyutochkinds@indiatimes.com,Female,indiatimes.com,08/08/1995,26
159,Brandy,Osborn,bosborn1x@t.co,Male,t.co,28/07/1992,29
160,Donny,Bottrell,dbottrellw@163.com,Male,163.com,28/11/1991,30
161,Salomo,Beaulieu,sbeaulieu1z@mozilla.org,Male,mozilla.org,19/12/1997,24
162,Gilberte,Giacopini,ggiacopinim@surveymonkey.com,Female,surveymonkey.com,14/05/1996,26
163,Bobinette,Stiebler,bstiebleral@taobao.com,Female,taobao.com,12/04/1993,29
164,Eddi,Ruddiforth,eruddiforths@hexun.com,Female,hexun.com,13/09/1986,35
165,Demetra,Vawton,dvawton13@epa.gov,Female,epa.gov,22/09/1986,35
166,Alma,Cuerda,acuerda9t@jigsy.com,Female,jigsy.com,11/01/1993,29
167,Grace,Thunnercliff,gthunnercliff8l@macromedia.com,Male,macromedia.com,05/06/1989,32
168,Nerti,Tripean,ntripean1s@gov.uk,Female,gov.uk,07/08/1990,31
169,Essa,Phython,ephython5j@freewebs.com,Female,freewebs.com,09/10/1990,31
170,Mohammed,Mawby,mmawby20@google.es,Male,google.es,28/07/1986,35
171,Jan,Aspden,jaspden7g@technorati.com,Female,technorati.com,23/11/1988,33
172,Holli,Mc Menamin,hmcmenamin76@samsung.com,Female,samsung.com,23/04/1999,23
173,Orran,Paintain,opaintain57@google.es,Male,google.es,13/02/1998,24
174,Park,Kmieciak,pkmieciakb3@blogtalkradio.com,Male,blogtalkradio.com,04/08/1992,29
175,Stephen,Brugman,sbrugmanbj@domainmarket.com,Male,domainmarket.com,16/07/1994,27
176,Sadie,Woodburne,swoodburne4c@redcross.org,Female,redcross.org,15/12/1993,28
177,Angel,Ings,aingsco@irs.gov,Female,irs.gov,27/05/1985,36
178,Emmaline,While,ewhileab@vkontakte.ru,Female,vkontakte.ru,26/02/1987,35
179,Bil,Pinilla,bpinilla7g@cisco.com,Male,cisco.com,26/04/1997,25
180,Vita,Hamblin,vhamblinc8@networkadvertising.org,Female,networkadvertising.org,27/06/1998,23
182,Ernesta,Durtnell,edurtnell9k@telegraph.co.uk,Female,telegraph.co.uk,13/06/1990,31
183,Benjamen,Syde,bsydecd@engadget.com,Male,engadget.com,31/07/1989,32
184,Thea,Tedridge,ttedridge8d@wufoo.com,Female,wufoo.com,03/07/1997,24
185,Urbanus,Perrat,uperrat8q@clickbank.net,Male,clickbank.net,17/06/1987,34
186,Kaye,Caddan,kcaddan5k@washington.edu,Female,washington.edu,14/08/1996,25
187,Sadella,Crasford,scrasford68@narod.ru,Female,narod.ru,08/08/1999,22
188,Filippo,Castellucci,fcastellucci3s@samsung.com,Male,samsung.com,18/03/1992,30
189,Beth,Ozelton,bozelton8x@netlog.com,Female,netlog.com,15/04/1999,23
190,Padriac,Bennit,pbennitci@narod.ru,Male,narod.ru,01/12/1989,32
191,Raeann,Hodgin,rhodginb7@ocn.ne.jp,Female,ocn.ne.jp,18/10/1987,34
192,Roderigo,Kiddey,rkiddeyc@wired.com,Male,wired.com,18/05/1993,28
194,Veronique,Cridlin,vcridlin2l@angelfire.com,Female,angelfire.com,23/02/1993,29
195,Mill,O'Deoran,modeoran4q@cbslocal.com,Male,cbslocal.com,24/08/1990,31
196,Aristotle,Menichelli,amenichellit@businessinsider.com,Male,businessinsider.com,27/08/1991,30
198,Barri,Trelease,btrelease4b@ibm.com,Male,ibm.com,28/11/1995,26
199,Harvey,Newns,hnewns9@w3.org,Male,w3.org,03/04/1995,27
200,Lorry,Barends,lbarends2j@youtu.be,Female,youtu.be,16/08/1999,22
201,Daniella,Peppett,dpeppett34@seesaa.net,Female,seesaa.net,06/04/1997,25
203,Page,Newey,pneweycy@baidu.com,Male,baidu.com,17/09/1996,25
205,Cissiee,Philott,cphilottbx@yahoo.co.jp,Female,yahoo.co.jp,25/07/1999,22
206,Taryn,Marvel,tmarvel9a@go.com,Female,go.com,04/04/1999,23
207,Collen,Pinwell,cpinwell1@multiply.com,Female,multiply.com,05/01/1988,34
210,Geoffrey,Avery,gaveryb3@imageshack.us,Male,imageshack.us,05/12/1989,32
211,Sasha,Gergus,sgergus4k@newyorker.com,Female,newyorker.com,01/07/1994,27
212,Petronille,Pollard,ppollard6b@businessweek.com,Female,businessweek.com,01/09/1996,25
213,Joane,Viveash,jviveashcm@time.com,Female,time.com,28/04/1992,30
214,Wilhelm,Welfair,wwelfair4m@baidu.com,Male,baidu.com,02/12/1990,31
215,Ezra,Collcott,ecollcottv@boston.com,Male,boston.com,11/12/1992,29
216,Gerrard,Lothean,glotheanad@nydailynews.com,Male,nydailynews.com,26/11/1986,35
217,Sabina,Saggs,ssaggs9d@cocolog-nifty.com,Female,cocolog-nifty.com,04/03/1993,29
218,Hilliard,Falkner,hfalkner1w@php.net,Male,php.net,01/12/1998,23
219,Ida,Sandey,isandey64@sun.com,Female,sun.com,31/03/1986,36
222,Julius,Petzold,jpetzold7p@sourceforge.net,Male,sourceforge.net,24/12/1994,27
223,Burton,Breagan,bbreagan8s@nhs.uk,Male,nhs.uk,07/11/1985,36
225,Kaile,Morot,kmorot7i@bing.com,Female,bing.com,15/02/1990,32
226,Dyna,Messiter,dmessiter4o@uiuc.edu,Female,uiuc.edu,26/06/1992,29
227,Waylin,Burrow,wburrow6j@usatoday.com,Male,usatoday.com,26/03/1988,34
228,Gerry,Jauncey,gjauncey9r@businesswire.com,Female,businesswire.com,24/01/1987,35
229,Kinny,Milam,kmilam3v@nationalgeographic.com,Male,nationalgeographic.com,10/12/1993,28
230,Natassia,Stichel,nstichelcs@deviantart.com,Female,deviantart.com,22/02/1986,36
232,Bobinette,Bigby,bbigby5k@webeden.co.uk,Female,webeden.co.uk,05/12/1990,31
233,Leticia,Manske,lmanske8l@nasa.gov,Female,nasa.gov,01/12/1987,34
234,Thaxter,Block,tblockab@netvibes.com,Male,netvibes.com,06/01/1991,31
235,Gillian,Belliard,gbelliard5m@thetimes.co.uk,Female,thetimes.co.uk,23/12/1986,35
236,Brooke,Windaybank,bwindaybank33@w3.org,Male,w3.org,27/10/1988,33
237,Linea,Ternouth,lternouth7e@fc2.com,Female,fc2.com,12/06/1995,26
238,Rodge,Padson,rpadsonu@cdc.gov,Male,cdc.gov,05/09/1996,25
239,Querida,Sisson,qsissoncr@dailymail.co.uk,Female,dailymail.co.uk,20/04/1996,26
240,Kerrill,Synnott,ksynnott6d@wunderground.com,Female,wunderground.com,28/09/1985,36
241,Peadar,Warren,pwarren3j@netscape.com,Male,netscape.com,02/05/1989,33
242,Even,Grievson,egrievson3n@tinypic.com,Male,tinypic.com,30/08/1996,25
243,Powell,Jessope,pjessopebq@gnu.org,Male,gnu.org,27/08/1990,31
244,Ansell,Flowith,aflowith31@drupal.org,Male,drupal.org,03/07/1989,32
245,Ned,Delamere,ndelamere99@accuweather.com,Male,accuweather.com,03/12/1996,25
246,Roxana,Gyenes,rgyenesa1@mac.com,Female,mac.com,17/08/1993,28
247,Jasmine,Itter,jitter69@nbcnews.com,Female,nbcnews.com,14/02/1990,32
248,Effie,Cisco,eciscob3@ocn.ne.jp,Female,ocn.ne.jp,29/03/1998,24
249,Pembroke,Littler,plittler6c@mediafire.com,Male,mediafire.com,29/12/1986,35
250,Morna,Buey,mbueya1@infoseek.co.jp,Female,infoseek.co.jp,10/04/1991,31
251,Alexander,Podbury,apodbury6n@goo.ne.jp,Male,goo.ne.jp,11/03/1994,28
252,Clem,Pellitt,cpellitt7e@xrea.com,Male,xrea.com,09/03/1991,31
253,Eveline,Joriot,ejoriotl@state.gov,Female,state.gov,21/07/1990,31
254,Swen,MacIllrick,smacillrick4p@gmpg.org,Male,gmpg.org,10/07/1998,23
255,Levi,Vankeev,lvankeev1z@reuters.com,Male,reuters.com,27/11/1998,23
257,Pen,Rivard,privard7y@lulu.com,Female,lulu.com,10/07/1994,27
258,Tam,Turnbull,tturnbullbh@statcounter.com,Male,statcounter.com,22/04/1987,35
260,Osbourn,Huston,ohuston2q@yahoo.co.jp,Male,yahoo.co.jp,02/05/1985,37
261,Karole,Van der Baaren,kvanderbaarenx@ameblo.jp,Female,ameblo.jp,19/10/1990,31
262,Mathilda,Persey,mperseyf@state.gov,Female,state.gov,04/11/1987,34
263,Petronia,Gilhooley,pgilhooley7m@yellowpages.com,Female,yellowpages.com,07/11/1988,33
264,Isaac,Houselee,ihouseleedj@unc.edu,Male,unc.edu,20/09/1987,34
265,Wright,Sprowson,wsprowsonas@java.com,Male,java.com,18/07/1998,23
266,Rob,Gartland,rgartland91@networksolutions.com,Male,networksolutions.com,17/12/1989,32
267,Kerianne,O'Hoey,kohoey82@oaic.gov.au,Female,oaic.gov.au,02/04/1986,36
268,Alaster,Lattimore,alattimore21@ted.com,Male,ted.com,10/02/1996,26
269,Isak,Sikorsky,isikorsky5b@discuz.net,Male,discuz.net,31/05/1988,33
270,Kenneth,Loveguard,kloveguardcf@ocn.ne.jp,Male,ocn.ne.jp,14/07/1991,30
271,Lem,Ledamun,lledamun74@joomla.org,Male,joomla.org,06/06/1994,27
272,Eal,Gresser,egressera6@tmall.com,Male,tmall.com,08/03/1986,36
273,Roxanne,Dewberry,rdewberry7t@google.co.jp,Female,google.co.jp,14/12/1998,23
274,Myles,Calbert,mcalbert95@wikipedia.org,Male,wikipedia.org,18/03/1988,34
275,Victor,Emery,vemery67@linkedin.com,Male,linkedin.com,11/03/1991,31
276,Bent,Blindmann,bblindmann18@cpanel.net,Male,cpanel.net,05/02/1995,27
278,Fanchon,Bounde,fbounde2x@ebay.co.uk,Female,ebay.co.uk,22/08/1987,34
279,Carin,Core,ccore2d@shinystat.com,Female,shinystat.com,07/10/1988,33
281,Tobe,Waylen,twaylen80@yale.edu,Male,yale.edu,03/12/1988,33
283,Henderson,Dunston,hdunston9s@japanpost.jp,Male,japanpost.jp,18/03/1985,37
284,Tanney,Mogra,tmogra6i@hugedomains.com,Male,hugedomains.com,26/02/1996,26
285,Lanie,Quinnelly,lquinnelly29@huffingtonpost.com,Female,huffingtonpost.com,09/09/1985,36
286,Elizabet,Plimmer,eplimmer4y@time.com,Female,time.com,20/09/1986,35
288,Rafaello,Beatey,rbeateyaj@mashable.com,Male,mashable.com,10/07/1987,34
289,Mortimer,Sherratt,msherratt2@purevolume.com,Male,purevolume.com,07/06/1991,30
290,Tallia,Newens,tnewensbk@walmart.com,Female,walmart.com,07/09/1991,30
291,Cheston,Zamora,czamora33@etsy.com,Male,etsy.com,18/03/1987,35
292,Helen,Brik,hbrik47@smh.com.au,Female,smh.com.au,15/04/1993,29
293,Chris,Chatteris,cchatteris2e@diigo.com,Male,diigo.com,03/03/1990,32
294,Martainn,Phizacklea,mphizacklea1c@yahoo.com,Male,yahoo.com,12/09/1988,33
295,Kandy,Ogley,kogley28@skyrock.com,Female,skyrock.com,04/09/1998,23
296,Elvera,Kear,ekear12@bizjournals.com,Female,bizjournals.com,13/12/1992,29
297,Scott,Kender,skender8x@chronoengine.com,Male,chronoengine.com,21/08/1998,23
300,Clem,Shervil,cshervila2@unblog.fr,Female,unblog.fr,13/05/1985,37
301,Marie,Wanderschek,mwanderschek7s@goo.ne.jp,Female,goo.ne.jp,22/07/1990,31
302,Aaren,Pengilly,apengilly40@t.co,Female,t.co,10/08/1995,26
303,Jo-ann,Le Grice,jlegriceau@dropbox.com,Female,dropbox.com,27/11/1993,28
304,Jaine,Taborre,jtaborreau@latimes.com,Female,latimes.com,12/07/1986,35
305,Anastasie,Itzhayek,aitzhayek3x@yandex.ru,Female,yandex.ru,28/01/1998,24
306,Margette,Barkus,mbarkusd9@smh.com.au,Female,smh.com.au,03/01/1998,24
307,Fitz,Woolf,fwoolf1o@hp.com,Male,hp.com,26/02/1995,27
309,Chandler,Bowerbank,cbowerbank64@blinklist.com,Male,blinklist.com,31/08/1988,33
310,Angie,Burtt,aburtt9d@statcounter.com,Male,statcounter.com,09/05/1999,23
311,Manolo,Guyver,mguyver9@cyberchimps.com,Male,cyberchimps.com,12/10/1993,28
312,Mira,Kegg,mkeggcg@last.fm,Female,last.fm,29/02/1988,34
313,Rossie,Di Matteo,rdimatteo9t@qq.com,Male,qq.com,28/03/1999,23
315,Bertie,Dufall,bdufalldh@amazonaws.com,Female,amazonaws.com,21/03/1996,26
316,Harley,Scurfield,hscurfield1b@biblegateway.com,Male,biblegateway.com,22/12/1991,30
317,Eudora,Paris,eparisc3@jalbum.net,Female,jalbum.net,20/07/1994,27
319,Gussy,Devas,gdevas9z@gravatar.com,Female,gravatar.com,29/04/1992,30
320,Barrie,Shemilt,bshemilta3@google.ca,Female,google.ca,21/12/1998,23
321,Minda,Jobbing,mjobbing3u@noaa.gov,Female,noaa.gov,29/03/1986,36
322,Mary,Chatteris,mchatteris2s@gizmodo.com,Female,gizmodo.com,10/12/1991,30
323,Novelia,Philliskirk,nphilliskirk7q@phpbb.com,Female,phpbb.com,10/02/1999,23
326,Willie,Blaszczak,wblaszczak56@auda.org.au,Male,auda.org.au,14/10/1998,23
327,Janelle,Calway,jcalway5n@lulu.com,Female,lulu.com,02/11/1995,26
328,Louie,Skoggings,lskoggings1d@wordpress.com,Male,wordpress.com,06/11/1999,22
329,Osmond,Whithalgh,owhithalghf@oaic.gov.au,Male,oaic.gov.au,09/07/1985,36
330,Esteban,Yarnold,eyarnoldp@ezinearticles.com,Male,ezinearticles.com,10/09/1986,35
332,Ky,Coldrick,kcoldrick29@1und1.de,Male,1und1.de,25/12/1996,25
333,Florence,Hansmann,fhansmann2w@army.mil,Female,army.mil,27/07/1992,29
336,Brina,Goricke,bgorickeb4@livejournal.com,Female,livejournal.com,18/04/1996,26
337,Whittaker,Borit,wboritdm@hp.com,Male,hp.com,12/05/1986,36
338,Tessy,Winterflood,twinterfloodav@fotki.com,Female,fotki.com,07/03/1994,28
339,Harold,Crockley,hcrockley9o@behance.net,Male,behance.net,31/08/1992,29
340,Laney,Kincla,lkinclacg@unicef.org,Female,unicef.org,12/11/1992,29
341,Barbara-anne,Sanday,bsanday6g@flavors.me,Female,flavors.me,15/05/1985,37
342,Candis,Heinle,cheinle48@bizjournals.com,Female,bizjournals.com,10/12/1998,23
343,Alexis,Flade,aflade3s@nifty.com,Male,nifty.com,29/08/1989,32
344,Addy,Antonik,aantonikbv@friendfeed.com,Male,friendfeed.com,30/10/1986,35
346,Waldemar,Tumielli,wtumielli22@4shared.com,Male,4shared.com,03/04/1998,24
347,Milt,Traves,mtravesd3@oaic.gov.au,Male,oaic.gov.au,30/09/1996,25
348,Latrina,Greaves,lgreaves7s@mayoclinic.com,Female,mayoclinic.com,13/02/1986,36
349,Patric,Reading,preadingdk@opera.com,Male,opera.com,14/02/1998,24
350,Hazel,Thon,hthon7r@tamu.edu,Male,tamu.edu,13/05/1994,28
351,Jemima,Spadaro,jspadaro8h@cnbc.com,Female,cnbc.com,10/11/1985,36
352,Flossi,Foreman,fforeman3k@cisco.com,Female,cisco.com,10/02/1995,27
353,Lombard,Trunkfield,ltrunkfieldc@ebay.co.uk,Male,ebay.co.uk,28/10/1985,36
354,Korey,Ing,kingb4@princeton.edu,Male,princeton.edu,07/10/1998,23
356,Adrien,Diament,adiament1w@illinois.edu,Male,illinois.edu,02/04/1987,35
357,Susann,Gieves,sgieves87@oaic.gov.au,Female,oaic.gov.au,26/01/1996,26
358,Dniren,Frondt,dfrondt9n@blogs.com,Female,blogs.com,15/04/1999,23
359,Billi,Latter,blatter43@reverbnation.com,Female,reverbnation.com,01/08/1986,35
360,Lucia,Whitwell,lwhitwelldr@soundcloud.com,Female,soundcloud.com,26/11/1996,25
362,Marsh,O' Loughran,moloughrand6@posterous.com,Male,posterous.com,07/04/1999,23
363,Wally,Blaver,wblaver4w@ask.com,Male,ask.com,23/11/1988,33
365,Prescott,Scotcher,pscotcher81@barnesandnoble.com,Male,barnesandnoble.com,16/01/1986,36
366,Keeley,McGraw,kmcgraw52@hud.gov,Female,hud.gov,19/02/1992,30
367,Devon,Popley,dpopleyd@e-recht24.de,Female,e-recht24.de,12/02/1988,34
369,Willey,Lavers,wlavers8w@weebly.com,Male,weebly.com,22/10/1987,34
370,Kylie,Hambly,khamblyd6@craigslist.org,Male,craigslist.org,27/09/1999,22
372,Adams,Scurrell,ascurrells@go.com,Male,go.com,03/09/1996,25
373,Janis,Southouse,jsouthousecv@tmall.com,Female,tmall.com,02/10/1987,34
374,Lauryn,Hencke,lhencke90@ucsd.edu,Female,ucsd.edu,21/11/1999,22
375,Truda,Teresa,tteresa32@howstuffworks.com,Female,howstuffworks.com,30/01/1989,33
376,Vere,Joysey,vjoysey39@nba.com,Female,nba.com,18/04/1985,37
377,Corinne,Pegden,cpegden1p@answers.com,Female,answers.com,10/12/1985,36
378,Barri,Danzey,bdanzey4p@bloglines.com,Male,bloglines.com,06/06/1991,30
379,Allys,Bottoner,abottoner4g@cargocollective.com,Female,cargocollective.com,01/08/1998,23
382,Janeczka,Dunford,jdunford6u@free.fr,Female,free.fr,03/08/1997,24
383,Shannah,Morales,smorales9j@shareasale.com,Female,shareasale.com,20/02/1995,27
384,Townie,Tome,ttome6v@feedburner.com,Male,feedburner.com,29/08/1996,25
385,Cordelia,Hugnin,chugnin6k@amazon.com,Female,amazon.com,14/01/1990,32
386,Janene,Agge,jaggeca@dion.ne.jp,Female,dion.ne.jp,13/08/1997,24
388,Nataline,Kempshall,nkempshall1v@posterous.com,Female,posterous.com,09/06/1989,32
389,Claudianus,Saffell,csaffelldu@exblog.jp,Male,exblog.jp,01/03/1997,25
390,Kim,Mellmer,kmellmerat@youku.com,Female,youku.com,15/08/1991,30
391,Elliott,McCahill,emccahillq@canalblog.com,Male,canalblog.com,06/12/1994,27
392,Orsa,Kerkham,okerkham2e@symantec.com,Female,symantec.com,05/02/1997,25
393,Anthiathia,Blinkhorn,ablinkhorn1k@chronoengine.com,Female,chronoengine.com,01/04/1995,27
394,Wendall,Brotherick,wbrotherickag@utexas.edu,Male,utexas.edu,04/02/1985,37
395,Faye,Faucett,ffaucett4k@woothemes.com,Female,woothemes.com,29/11/1989,32
396,Cissiee,Conrard,cconrardd4@pinterest.com,Female,pinterest.com,04/01/1991,31
397,Tobin,Habershaw,thabershawy@networksolutions.com,Male,networksolutions.com,25/03/1988,34
398,Joseito,Astell,jastellb8@a8.net,Male,a8.net,11/05/1994,28
399,Claudio,Boik,cboikbp@facebook.com,Male,facebook.com,21/12/1990,31
400,Dermot,Sancroft,dsancroftd9@un.org,Male,un.org,27/08/1992,29
401,Angus,Nafziger,anafziger7a@drupal.org,Male,drupal.org,20/11/1993,28
403,Romona,Daldan,rdaldan2i@booking.com,Female,booking.com,10/04/1997,25
404,Adore,O'Crigan,aocrigand@netvibes.com,Female,netvibes.com,23/04/1993,29
405,Timoteo,Mulcahy,tmulcahy5m@mediafire.com,Male,mediafire.com,14/08/1985,36
406,Sadie,Filippov,sfilippov1y@skyrock.com,Female,skyrock.com,23/08/1986,35
407,Sybila,Clare,sclare3x@ning.com,Female,ning.com,15/08/1986,35
408,Dominic,Maddigan,dmaddiganbm@auda.org.au,Male,auda.org.au,10/04/1988,34
409,Geordie,Lodwig,glodwigc9@e-recht24.de,Male,e-recht24.de,17/01/1985,37
410,Delainey,Benam,dbenambk@biblegateway.com,Male,biblegateway.com,09/10/1999,22
411,Denni,Heliet,dheliet3h@nsw.gov.au,Female,nsw.gov.au,01/06/1994,27
412,Aaren,Missen,amissenc6@oracle.com,Female,oracle.com,17/02/1989,33
413,Herb,Gillitt,hgillitt9w@nasa.gov,Male,nasa.gov,20/07/1993,28
414,Rosemary,Ziems,rziemsao@cloudflare.com,Female,cloudflare.com,12/12/1992,29
415,Eward,Treker,etreker7u@berkeley.edu,Male,berkeley.edu,08/09/1991,30
416,Sydney,Darcy,sdarcy2r@w3.org,Female,w3.org,01/09/1990,31
417,Jacky,Snelgar,jsnelgar9y@addtoany.com,Female,addtoany.com,08/12/1993,28
418,Ursulina,Miche,umiche3l@tumblr.com,Female,tumblr.com,31/08/1996,25
419,Seline,Rignoldes,srignoldes1g@baidu.com,Female,baidu.com,25/09/1994,27
420,Fanechka,Needham,fneedhamc4@51.la,Female,51.la,15/07/1994,27
421,Wald,Lurner,wlurner3o@pinterest.com,Male,pinterest.com,15/12/1985,36
422,Sanders,Shackell,sshackellby@unicef.org,Male,unicef.org,02/10/1998,23
423,Isidor,Janouch,ijanouch3e@globo.com,Male,globo.com,25/05/1997,24
424,Mariana,Guly,mguly4@istockphoto.com,Female,istockphoto.com,30/04/1995,27
425,Nolie,Parkinson,nparkinson6l@surveymonkey.com,Female,surveymonkey.com,12/03/1992,30
427,Mureil,Tankin,mtankin1l@squidoo.com,Female,squidoo.com,17/04/1991,31
428,Kikelia,Tolworthy,ktolworthy5c@arizona.edu,Female,arizona.edu,07/01/1996,26
429,Leanor,Bonifacio,lbonifacio8h@joomla.org,Female,joomla.org,31/10/1986,35
430,Talbert,Bampkin,tbampkin5d@joomla.org,Male,joomla.org,30/07/1988,33
431,Marie-jeanne,Terzza,mterzza30@cornell.edu,Female,cornell.edu,12/01/1993,29
432,Augusta,Tambling,atambling2h@angelfire.com,Female,angelfire.com,13/02/1991,31
433,Carin,Clamp,cclampbe@auda.org.au,Female,auda.org.au,12/07/1993,28
434,Mallorie,Bridgewood,mbridgewood4g@creativecommons.org,Female,creativecommons.org,12/09/1995,26
436,Jilly,Patinkin,jpatinkin6m@chron.com,Female,chron.com,05/09/1985,36
437,Sonnnie,Wallege,swallege1@utexas.edu,Female,utexas.edu,13/06/1992,29
438,Tobiah,Beseke,tbesekea4@hao123.com,Male,hao123.com,23/05/1988,33
439,Osgood,Manson,omanson5a@mozilla.com,Male,mozilla.com,22/06/1999,22
440,Bethena,Tysack,btysackca@addtoany.com,Female,addtoany.com,24/03/1988,34
441,Sig,Learned,slearnedcp@baidu.com,Male,baidu.com,05/03/1987,35
442,Vivienne,Diboll,vdiboll9c@intel.com,Female,intel.com,17/07/1999,22
444,Etta,Claisse,eclaissecc@wunderground.com,Female,wunderground.com,31/10/1997,24
445,Melanie,Fuller,mfulleray@mozilla.com,Female,mozilla.com,03/06/1993,28
446,Hunt,Fogden,hfogden1m@mail.ru,Male,mail.ru,01/06/1997,24
447,Reeba,Zapatero,rzapatero3k@whitehouse.gov,Female,whitehouse.gov,24/09/1987,34
448,Chelsey,Cowterd,ccowterd43@cpanel.net,Female,cpanel.net,05/08/1993,28
450,Sammie,Grombridge,sgrombridge6q@nsw.gov.au,Male,nsw.gov.au,15/02/1998,24
451,Monika,Haws,mhaws5g@amazonaws.com,Female,amazonaws.com,10/04/1999,23
453,Zared,Griggs,zgriggscr@patch.com,Male,patch.com,28/06/1998,23
454,Bennett,Kervin,bkervin5e@4shared.com,Male,4shared.com,30/10/1988,33
455,Brad,De Cleyne,bdecleyne5e@myspace.com,Male,myspace.com,15/03/1995,27
456,Vince,Casement,vcasement7x@fc2.com,Male,fc2.com,15/09/1989,32
458,Sally,Pietsma,spietsma9x@51.la,Female,51.la,14/05/1989,33
459,Nevins,Deelay,ndeelay1r@rambler.ru,Male,rambler.ru,18/06/1986,35
460,Estele,Khoter,ekhoter8y@virginia.edu,Female,virginia.edu,14/04/1993,29
461,Josiah,Chace,jchacea7@pen.io,Male,pen.io,07/10/1998,23
462,Nikolaus,Corneliussen,ncorneliussen14@shop-pro.jp,Male,shop-pro.jp,28/05/1987,34
463,Benton,Hucker,bhuckerak@rambler.ru,Male,rambler.ru,10/10/1985,36
464,Julio,Titterton,jtittertoncs@tripod.com,Male,tripod.com,01/08/1987,34
465,Cristie,Wabb,cwabb4h@ebay.com,Female,ebay.com,23/05/1996,25
466,Shawn,Ornillos,sornillos23@goodreads.com,Male,goodreads.com,13/06/1997,24
467,Emylee,Foskin,efoskindj@oracle.com,Female,oracle.com,02/03/1991,31
468,Sonny,Goodswen,sgoodswenn@themeforest.net,Male,themeforest.net,13/12/1989,32
469,Lela,Drable,ldrable18@technorati.com,Female,technorati.com,30/04/1987,35
470,Kelwin,Recher,krecher5a@dagondesign.com,Male,dagondesign.com,09/09/1999,22
471,Ermina,Teaser,eteaserbi@php.net,Female,php.net,26/09/1992,29
472,Graehme,Randleson,grandleson8f@mediafire.com,Male,mediafire.com,17/09/1985,36
473,Kath,Hullock,khullock9n@google.co.uk,Female,google.co.uk,04/03/1992,30
474,Antin,MacDermand,amacdermanddc@nbcnews.com,Male,nbcnews.com,24/06/1989,32
476,Palmer,Guille,pguille5p@marriott.com,Male,marriott.com,08/01/1990,32
477,Tilly,Street,tstreet46@e-recht24.de,Female,e-recht24.de,22/12/1996,25
478,Cristabel,Ianni,ciannidl@foxnews.com,Female,foxnews.com,08/04/1999,23
479,Lillis,Conti,lconti8z@typepad.com,Female,typepad.com,08/08/1995,26
480,Liuka,Cracoe,lcracoe67@joomla.org,Female,joomla.org,11/11/1986,35
481,Reiko,Luker,rlukerak@imageshack.us,Female,imageshack.us,18/07/1996,25
482,Sherri,Castanos,scastanosbi@wikipedia.org,Female,wikipedia.org,23/01/1985,37
483,Delila,Aveline,davelinebq@privacy.gov.au,Female,privacy.gov.au,14/06/1990,31
484,Rossie,Partrick,rpartrick9l@wikimedia.org,Male,wikimedia.org,28/07/1995,26
485,Cleveland,Joscelyn,cjoscelyn8k@oakley.com,Male,oakley.com,02/03/1989,33
486,Matty,Kierans,mkieransa2@admin.ch,Male,admin.ch,24/10/1991,30
487,Kesley,Truin,ktruin5v@loc.gov,Female,loc.gov,13/05/1986,36
488,Kiley,Suscens,ksuscens2g@w3.org,Male,w3.org,26/10/1990,31
489,Mariska,Du Plantier,mduplantier2i@google.it,Female,google.it,09/04/1997,25
490,Adoree,Gillogley,agillogleyd@google.fr,Female,google.fr,27/07/1985,36
491,Linell,Wison,lwisonw@drupal.org,Female,drupal.org,03/09/1990,31
492,Rurik,Garlee,rgarlee42@seesaa.net,Male,seesaa.net,28/08/1992,29
493,Claudelle,Grealy,cgrealyd0@amazon.com,Female,amazon.com,11/11/1989,32
494,Cesar,Halms,chalms2r@dmoz.org,Male,dmoz.org,27/08/1991,30
495,Lorant,Stobbe,lstobbebc@quantcast.com,Male,quantcast.com,22/02/1998,24
496,Olympe,Darch,odarch78@ifeng.com,Female,ifeng.com,30/09/1990,31
497,Robby,Tolefree,rtolefree9x@archive.org,Male,archive.org,31/07/1994,27
499,Esma,Coxhell,ecoxhelli@sciencedirect.com,Female,sciencedirect.com,14/05/1986,36
500,Bridie,Lovegrove,blovegrove8p@apple.com,Female,apple.com,14/12/1986,35
501,Vernen,Scawen,vscawen98@skype.com,Male,skype.com,16/12/1994,27
502,Minta,Gillinghams,mgillinghams10@epa.gov,Female,epa.gov,21/08/1992,29
503,Allys,Crissil,acrissil4q@vinaora.com,Female,vinaora.com,05/07/1991,30
504,Darnell,Coils,dcoilscj@tinyurl.com,Male,tinyurl.com,19/12/1992,29
505,Ileane,Squibbes,isquibbes6n@topsy.com,Female,topsy.com,30/07/1992,29
506,Orsola,Douce,odouce5l@nytimes.com,Female,nytimes.com,26/10/1997,24
508,Frederik,Raithmill,fraithmill8c@csmonitor.com,Male,csmonitor.com,27/01/1987,35
509,Susanna,Flaunders,sflaunders5j@wsj.com,Female,wsj.com,13/12/1999,22
510,Billye,Amott,bamottz@google.ca,Female,google.ca,12/05/1990,32
511,Berty,Scanes,bscanes16@google.es,Female,google.es,17/07/1999,22
512,Herbert,Wanklin,hwanklin18@tumblr.com,Male,tumblr.com,24/07/1991,30
513,Nate,Lefeaver,nlefeaver4q@ftc.gov,Male,ftc.gov,22/03/1988,34
514,Marcelo,Ricker,mrickerd2@google.co.uk,Male,google.co.uk,03/03/1990,32
516,Martelle,Langdridge,mlangdridger@comsenz.com,Female,comsenz.com,07/11/1995,26
517,Timmie,Hallward,thallwarddj@redcross.org,Female,redcross.org,17/03/1991,31
518,Paulie,Molden,pmolden1@examiner.com,Female,examiner.com,25/12/1994,27
519,Sonny,Daudray,sdaudrayas@jalbum.net,Female,jalbum.net,21/07/1986,35
520,Germaine,Kirkebye,gkirkebye5s@cargocollective.com,Male,cargocollective.com,24/02/1989,33
521,Kirstyn,Sukbhans,ksukbhans8t@cam.ac.uk,Female,cam.ac.uk,25/07/1986,35
523,Carlye,Pellington,cpellington3r@ezinearticles.com,Female,ezinearticles.com,16/12/1996,25
524,Lucias,Girardez,lgirardezcl@nsw.gov.au,Male,nsw.gov.au,19/06/1997,24
525,Kenon,MacGarvey,kmacgarvey4e@mlb.com,Male,mlb.com,30/12/1998,23
526,Lonnard,Eisak,leisakbb@harvard.edu,Male,harvard.edu,28/03/1992,30
527,Budd,Linfield,blinfield15@nydailynews.com,Male,nydailynews.com,31/08/1998,23
528,Vivia,Alejandre,valejandreag@flavors.me,Female,flavors.me,28/01/1993,29
530,Kylila,McDermid,kmcdermid20@twitter.com,Female,twitter.com,15/01/1997,25
531,Kristal,McGrill,kmcgrill1n@youtube.com,Female,youtube.com,05/11/1999,22
532,Renaldo,Fowkes,rfowkesa5@seesaa.net,Male,seesaa.net,25/04/1995,27
533,Christyna,Kingman,ckingmancx@goo.ne.jp,Female,goo.ne.jp,28/05/1991,30
534,Isidro,Ingre,iingreb0@nifty.com,Male,nifty.com,28/06/1998,23
535,Nickolas,Eakley,neakleydd@flavors.me,Male,flavors.me,28/01/1995,27
537,Dmitri,Kingzeth,dkingzethbg@baidu.com,Male,baidu.com,13/06/1986,35
538,Kristine,Knowling,kknowling21@tinypic.com,Female,tinypic.com,19/04/1998,24
539,Rollin,Coda,rcoda6@weebly.com,Male,weebly.com,26/03/1996,26
540,Gradeigh,Haskew,ghaskewcl@indiatimes.com,Male,indiatimes.com,20/07/1990,31
541,Jeanne,Brasse,jbrasse11@kickstarter.com,Female,kickstarter.com,23/03/1995,27
542,Nilson,Fick,nfick5a@wikispaces.com,Male,wikispaces.com,27/07/1997,24
544,Avery,Sarll,asarll2t@nature.com,Male,nature.com,17/12/1988,33
545,Angy,Kenright,akenright2p@ucoz.com,Female,ucoz.com,21/07/1987,34
546,Rosana,Goodricke,rgoodrickebz@hugedomains.com,Female,hugedomains.com,24/08/1985,36
548,Kingston,Bristoe,kbristoedm@wix.com,Male,wix.com,14/03/1998,24
549,Ximenes,Jurries,xjurries2f@myspace.com,Male,myspace.com,24/01/1997,25
551,Lynnette,Reavell,lreavell84@usda.gov,Female,usda.gov,10/02/1995,27
552,Rice,Ambler,rambler4l@who.int,Male,who.int,23/03/1986,36
553,Barthel,Claasen,bclaasen6g@yellowbook.com,Male,yellowbook.com,19/10/1987,34
554,Benedict,Cruttenden,bcruttenden4y@usgs.gov,Male,usgs.gov,08/01/1999,23
555,Gregoor,Jencken,gjencken62@hibu.com,Male,hibu.com,22/08/1986,35
556,Wilow,Poulsen,wpoulsen5f@admin.ch,Female,admin.ch,18/12/1998,23
557,Celene,Lamplugh,clamplugh1k@liveinternet.ru,Female,liveinternet.ru,29/11/1998,23
558,Sharla,Avieson,savieson5p@networkadvertising.org,Female,networkadvertising.org,28/05/1987,34
559,Ofelia,Peyto,opeyto8d@fda.gov,Female,fda.gov,07/12/1994,27
560,Maritsa,Beadnell,mbeadnellx@sogou.com,Female,sogou.com,03/09/1994,27
561,Myca,Campanelli,mcampanelli6f@godaddy.com,Male,godaddy.com,17/06/1990,31
562,Herb,Bowhay,hbowhay4j@discovery.com,Male,discovery.com,22/03/1993,29
563,Vaughan,Renard,vrenardbp@nasa.gov,Male,nasa.gov,17/03/1986,36
564,Marcelo,Dugood,mdugood2p@mac.com,Male,mac.com,24/06/1998,23
565,Ross,Dobson,rdobson8@dmoz.org,Male,dmoz.org,31/10/1997,24
566,Gabrielle,Boultwood,gboultwood3y@engadget.com,Female,engadget.com,04/11/1996,25
567,Odo,Flounders,oflounders9t@wordpress.com,Male,wordpress.com,19/07/1992,29
568,Markos,Pavek,mpavek7i@blinklist.com,Male,blinklist.com,04/08/1989,32
569,Naoma,Scambler,nscambler3j@joomla.org,Female,joomla.org,30/06/1996,25
570,Theresita,Kinworthy,tkinworthy28@topsy.com,Female,topsy.com,22/06/1995,26
571,Hale,Axston,haxston76@vimeo.com,Male,vimeo.com,21/04/1993,29
572,Cori,Tschierasche,ctschierasche2d@pcworld.com,Female,pcworld.com,19/01/1987,35
573,Kori,Witard,kwitard5o@cnet.com,Female,cnet.com,24/01/1991,31
574,Bradley,Jerrome,bjerrome77@miibeian.gov.cn,Male,miibeian.gov.cn,23/09/1989,32
576,Guillermo,Dedmam,gdedmam6u@last.fm,Male,last.fm,07/01/1988,34
577,Neville,Pontin,npontin86@fema.gov,Male,fema.gov,15/05/1998,24
578,Lucita,Mordey,lmordey4l@aol.com,Female,aol.com,12/03/1989,33
579,Modesty,Urpeth,murpethbz@last.fm,Female,last.fm,01/05/1991,31
580,Margeaux,Yewdall,myewdall9j@tmall.com,Female,tmall.com,28/06/1985,36
581,Meara,O'Monahan,momonahan3v@dmoz.org,Female,dmoz.org,02/09/1990,31
582,Donnie,Romera,dromera1b@smugmug.com,Female,smugmug.com,09/09/1998,23
583,Leigh,Larby,llarby9a@dmoz.org,Male,dmoz.org,09/11/1991,30
584,Almeta,Kitchiner,akitchiner7o@sciencedaily.com,Female,sciencedaily.com,20/09/1992,29
585,Farrell,Churchin,fchurchinah@google.it,Male,google.it,05/04/1999,23
586,Ethelyn,Hobble,ehobbleae@goo.ne.jp,Female,goo.ne.jp,05/08/1991,30
587,Iosep,Kording,ikording2q@skyrock.com,Male,skyrock.com,08/08/1987,34
588,Clem,Button,cbutton30@nbcnews.com,Female,nbcnews.com,01/02/1992,30
589,Joshua,Rookes,jrookes52@businessweek.com,Male,businessweek.com,18/12/1996,25
590,Sherlock,Creddon,screddon2k@utexas.edu,Male,utexas.edu,20/12/1987,34
591,Orly,Obell,oobell80@google.co.jp,Female,google.co.jp,22/02/1989,33
592,Dela,Errey,derrey89@cnet.com,Female,cnet.com,21/11/1995,26
593,Rhea,Cortnay,rcortnay7r@cnet.com,Female,cnet.com,08/05/1992,30
594,Aurore,Peek,apeek3@meetup.com,Female,meetup.com,02/03/1997,25
595,Syd,Klain,sklainco@archive.org,Male,archive.org,21/02/1985,37
596,Flory,Fishlock,ffishlock19@typepad.com,Female,typepad.com,17/03/1992,30
597,Hunt,Finney,hfinney7d@wunderground.com,Male,wunderground.com,20/07/1996,25
598,Esme,Andriss,eandriss6e@accuweather.com,Female,accuweather.com,24/11/1988,33
599,Trey,Bettington,tbettingtonae@miibeian.gov.cn,Male,miibeian.gov.cn,10/11/1995,26
600,Abramo,Priditt,apriditt8o@google.com,Male,google.com,21/02/1986,36
601,Joya,Humes,jhumes6r@vistaprint.com,Female,vistaprint.com,24/01/1990,32
602,Brittne,Caskie,bcaskie4x@twitpic.com,Female,twitpic.com,27/01/1995,27
603,Artair,Heugle,aheugle5c@themeforest.net,Male,themeforest.net,22/04/1991,31
604,Gustie,Kretschmer,gkretschmerdf@flavors.me,Female,flavors.me,18/08/1991,30
605,Tibold,Jindrich,tjindrich9e@facebook.com,Male,facebook.com,18/04/1986,36
606,Neda,Fitzsimons,nfitzsimons82@europa.eu,Female,europa.eu,25/11/1989,32
607,Cherri,Hathway,chathwaycu@un.org,Female,un.org,06/02/1988,34
608,Jacinda,Verbeke,jverbekebl@etsy.com,Female,etsy.com,26/09/1998,23
609,Katie,Rothery,krothery4b@narod.ru,Female,narod.ru,27/12/1989,32
611,Rosaline,Hulbert,rhulbert75@sun.com,Female,sun.com,31/10/1998,23
612,Adah,Strodder,astrodderbm@biglobe.ne.jp,Female,biglobe.ne.jp,30/10/1995,26
613,Giselbert,Buxy,gbuxy6h@usatoday.com,Male,usatoday.com,23/03/1991,31
614,Rustin,Christie,rchristie91@miitbeian.gov.cn,Male,miitbeian.gov.cn,17/10/1996,25
615,Elly,Jacobovitch,ejacobovitch2v@google.nl,Female,google.nl,01/06/1995,26
616,Lisa,Largent,llargent23@myspace.com,Female,myspace.com,04/08/1994,27
619,Luella,Everton,levertoni@cnn.com,Female,cnn.com,21/10/1991,30
620,Ugo,Camois,ucamois7o@samsung.com,Male,samsung.com,28/01/1989,33
621,Domeniga,Cunniam,dcunniam53@intel.com,Female,intel.com,04/07/1988,33
622,Kenna,Godthaab,kgodthaab4b@liveinternet.ru,Female,liveinternet.ru,23/08/1996,25
623,Stephan,Martinuzzi,smartinuzzi2f@wikipedia.org,Male,wikipedia.org,01/06/1986,35
624,Amos,Hover,ahover2u@yahoo.co.jp,Male,yahoo.co.jp,18/05/1997,24
625,Cece,Moogan,cmoogan22@theglobeandmail.com,Male,theglobeandmail.com,18/07/1997,24
626,Gardy,Stolz,gstolzv@discovery.com,Male,discovery.com,29/06/1987,34
627,Verine,Corrado,vcorradom@smugmug.com,Female,smugmug.com,19/11/1994,27
628,Tanner,Baltzar,tbaltzar2o@wordpress.org,Male,wordpress.org,20/04/1991,31
629,Marys,Kelsow,mkelsowcz@dot.gov,Female,dot.gov,16/01/1993,29
631,Cicely,Trimbey,ctrimbey5h@squarespace.com,Female,squarespace.com,13/12/1993,28
633,Harrie,Domenichini,hdomenichinib1@cargocollective.com,Female,cargocollective.com,27/09/1985,36
634,Sissie,Conlaund,sconlaund7h@behance.net,Female,behance.net,23/05/1996,25
635,Marlane,Bice,mbice2b@amazon.com,Female,amazon.com,20/01/1994,28
636,Peggi,Dooley,pdooleybd@berkeley.edu,Female,berkeley.edu,30/06/1988,33
638,Denny,Rittmeyer,drittmeyer81@arstechnica.com,Male,arstechnica.com,14/02/1995,27
639,Bert,McLeish,bmcleish5f@wisc.edu,Female,wisc.edu,31/03/1990,32
640,Albrecht,Garmston,agarmstoncc@scientificamerican.com,Male,scientificamerican.com,16/09/1991,30
641,Darby,Gebhardt,dgebhardt63@slideshare.net,Female,slideshare.net,27/07/1989,32
642,April,Spillard,aspillard6p@theatlantic.com,Female,theatlantic.com,10/02/1989,33
643,Erina,Wardall,ewardallbo@livejournal.com,Female,livejournal.com,06/10/1989,32
645,Denys,Lewendon,dlewendon38@unc.edu,Female,unc.edu,11/03/1988,34
646,Dorrie,Jado,djadodi@ted.com,Female,ted.com,23/03/1998,24
647,Langston,Gerish,lgerish8a@gov.uk,Male,gov.uk,13/06/1997,24
648,Eustace,Keningham,ekeningham6x@businessinsider.com,Male,businessinsider.com,29/09/1992,29
649,Layton,De Banke,ldebanke6f@omniture.com,Male,omniture.com,01/09/1992,29
650,Ernaline,Gillings,egillingsr@godaddy.com,Female,godaddy.com,04/06/1986,35
651,Pennie,MacCartair,pmaccartair8@twitpic.com,Male,twitpic.com,17/03/1989,33
653,Boote,Dobie,bdobie5k@people.com.cn,Male,people.com.cn,22/04/1995,27
654,Rowena,Hastin,rhastin3w@google.fr,Female,google.fr,07/12/1989,32
655,Ernesto,O'Hanley,eohanley57@nifty.com,Male,nifty.com,01/07/1995,26
656,Tanitansy,Rangall,trangalldk@independent.co.uk,Female,independent.co.uk,02/12/1987,34
657,Alyda,Reder,areder3c@google.it,Female,google.it,08/07/1994,27
658,Pierce,Chivrall,pchivralla5@friendfeed.com,Male,friendfeed.com,24/12/1993,28
659,Harriette,Banaszczyk,hbanaszczykby@latimes.com,Female,latimes.com,14/06/1995,26
660,Pietrek,Stokes,pstokes7g@samsung.com,Male,samsung.com,30/11/1997,24
661,Geordie,Wanklin,gwanklin9g@oakley.com,Male,oakley.com,01/11/1991,30
663,Hazel,Amer,hamer8f@answers.com,Female,answers.com,16/09/1999,22
664,Carlie,Yesichev,cyesichev1i@webs.com,Female,webs.com,10/01/1990,32
666,Rosalinda,Tanman,rtanman7k@senate.gov,Female,senate.gov,11/02/1996,26
667,Emylee,Border,eborder3q@slate.com,Female,slate.com,18/01/1993,29
668,Rickey,Standish,rstandish3l@sitemeter.com,Male,sitemeter.com,24/07/1995,26
669,Rock,Fearey,rfearey1n@jimdo.com,Male,jimdo.com,06/07/1988,33
670,Sawyer,Janecek,sjanecekax@usnews.com,Male,usnews.com,06/07/1987,34
671,Rodie,Edwardson,redwardson5@vimeo.com,Female,vimeo.com,13/06/1992,29
672,Gordie,Filewood,gfilewood9q@nyu.edu,Male,nyu.edu,29/11/1992,29
673,Annamaria,Schwand,aschwand49@gizmodo.com,Female,gizmodo.com,19/10/1989,32
674,Caleb,D'Antonio,cdantonio7j@ucla.edu,Male,ucla.edu,04/01/1996,26
675,Billy,Snooks,bsnooksa0@godaddy.com,Male,godaddy.com,06/03/1992,30
676,Sophi,Welband,swelband2c@indiegogo.com,Female,indiegogo.com,17/06/1985,36
677,Kathryne,Link,klinkaa@tiny.cc,Female,tiny.cc,04/09/1989,32
678,Llewellyn,Van Baaren,lvanbaarenan@a8.net,Male,a8.net,22/08/1988,33
679,Julienne,Mosedill,jmosedillb5@so-net.ne.jp,Female,so-net.ne.jp,09/07/1987,34
680,Jae,Bridgestock,jbridgestockbu@globo.com,Male,globo.com,25/12/1994,27
681,Trent,Guidone,tguidone3q@histats.com,Male,histats.com,10/02/1987,35
683,Allin,Sinnett,asinnett46@nbcnews.com,Male,nbcnews.com,06/02/1991,31
685,Lodovico,Tremblay,ltremblay85@bigcartel.com,Male,bigcartel.com,14/04/1992,30
686,Lalo,Terrazzo,lterrazzo2y@bizjournals.com,Male,bizjournals.com,01/05/1995,27
688,Gothart,Gavrielly,ggavrielly8m@foxnews.com,Male,foxnews.com,03/10/1995,26
689,Madalena,Akhurst,makhurst3i@artisteer.com,Female,artisteer.com,27/05/1996,25
690,Mariska,Madill,mmadillc4@wikimedia.org,Female,wikimedia.org,25/10/1990,31
691,Leda,Jeavon,ljeavon9u@deviantart.com,Female,deviantart.com,05/04/1993,29
692,Corrine,Tuck,ctuck1v@nba.com,Female,nba.com,19/12/1986,35
693,Elyn,Mieville,emievilleds@adobe.com,Female,adobe.com,28/04/1985,37
695,Aurlie,De Moreno,ademorenodl@techcrunch.com,Female,techcrunch.com,04/08/1988,33
696,Dominique,Seegar,dseegarn@ameblo.jp,Male,ameblo.jp,10/07/1998,23
697,Avram,Ruslin,aruslinc3@delicious.com,Male,delicious.com,25/04/1996,26
698,Estrella,Freschini,efreschini3u@noaa.gov,Female,noaa.gov,12/07/1991,30
699,Corine,Van der Beek,cvanderbeek9c@mozilla.org,Female,mozilla.org,04/01/1992,30
700,Crichton,Fysh,cfysh1r@webs.com,Male,webs.com,26/11/1991,30
701,Eugene,Edgeler,eedgeler4w@yale.edu,Male,yale.edu,03/09/1996,25
702,Kizzie,McVaugh,kmcvaugh54@hostgator.com,Female,hostgator.com,23/05/1999,22
703,Sergei,Whiley,swhiley8n@amazon.com,Male,amazon.com,01/03/1993,29
704,Barnie,Pervew,bpervew8b@paginegialle.it,Male,paginegialle.it,26/12/1990,31
705,Halsey,Vaissiere,hvaissiere6x@wikia.com,Male,wikia.com,02/06/1987,34
706,Huntlee,Bebbington,hbebbington3@issuu.com,Male,issuu.com,15/11/1987,34
707,Dalt,Dick,ddick7z@bbb.org,Male,bbb.org,19/09/1998,23
709,Tobias,Burehill,tburehillad@acquirethisname.com,Male,acquirethisname.com,15/12/1987,34
710,Anallese,Marvell,amarvellbd@harvard.edu,Female,harvard.edu,12/08/1988,33
711,Inglebert,Jerratsch,ijerratschj@symantec.com,Male,symantec.com,17/03/1997,25
712,Rem,O'Hannay,rohannay3r@nature.com,Male,nature.com,20/08/1999,22
714,Donella,Antwis,dantwis3x@seattletimes.com,Female,seattletimes.com,18/10/1996,25
715,Bearnard,Pheazey,bpheazey5o@blogger.com,Male,blogger.com,03/10/1987,34
716,Edin,Brettel,ebrettel4v@shop-pro.jp,Female,shop-pro.jp,18/01/1996,26
717,Leilah,Braithwaite,lbraithwaite1c@multiply.com,Female,multiply.com,05/11/1995,26
719,Yank,MacPeice,ymacpeicebj@yolasite.com,Male,yolasite.com,26/06/1998,23
720,Christabel,Butland,cbutland48@toplist.cz,Female,toplist.cz,15/04/1999,23
721,Kean,Pedersen,kpedersen9h@meetup.com,Male,meetup.com,16/07/1998,23
722,Kelila,Shatliff,kshatliff8w@discuz.net,Female,discuz.net,12/04/1989,33
723,Lind,Cranney,lcranneya1@wikia.com,Female,wikia.com,10/05/1993,29
724,Alvie,Lago,alago1m@desdev.cn,Male,desdev.cn,22/01/1991,31
725,Carie,Halstead,chalstead79@fc2.com,Female,fc2.com,25/12/1991,30
726,Kelly,Headly,kheadlydt@hexun.com,Male,hexun.com,12/02/1991,31
727,Ardith,Bratch,abratchdo@quantcast.com,Female,quantcast.com,19/07/1986,35
728,Deidre,Prescote,dprescote4n@pinterest.com,Female,pinterest.com,25/05/1994,27
729,Olly,Brayshay,obrayshay6m@google.it,Female,google.it,08/11/1990,31
730,Trina,Eastwell,teastwellbt@dmoz.org,Female,dmoz.org,04/04/1998,24
731,Cobby,Daveren,cdaveren51@wikimedia.org,Male,wikimedia.org,11/09/1985,36
732,Virgie,Brixey,vbrixey3a@blinklist.com,Male,blinklist.com,16/02/1988,34
733,Austin,Grevatt,agrevattcb@pen.io,Female,pen.io,22/12/1990,31
734,Thayne,Shrimpling,tshrimpling1f@disqus.com,Male,disqus.com,17/02/1987,35
735,Gavra,MacPaike,gmacpaike8c@ox.ac.uk,Female,ox.ac.uk,16/11/1986,35
736,Clementine,Ribbens,cribbens9h@telegraph.co.uk,Female,telegraph.co.uk,17/07/1985,36
737,Max,Cuffe,mcuffe9j@msn.com,Male,msn.com,22/11/1985,36
738,Ragnar,Bazely,rbazelya8@feedburner.com,Male,feedburner.com,24/07/1995,26
739,Reginauld,Arnli,rarnli1t@rambler.ru,Male,rambler.ru,15/03/1994,28
740,Dunn,Pavluk,dpavluk4j@zimbio.com,Male,zimbio.com,27/08/1995,26
741,Terencio,Spinage,tspinageap@google.ca,Male,google.ca,16/11/1998,23
742,Edd,Fratczak,efratczak3t@yellowbook.com,Male,yellowbook.com,11/03/1994,28
744,Nev,Mattisssen,nmattisssen97@jiathis.com,Male,jiathis.com,11/12/1987,34
745,Kenny,Mossom,kmossom37@cnet.com,Male,cnet.com,01/03/1985,37
746,Uta,Bloore,ubloore2m@mashable.com,Female,mashable.com,03/11/1987,34
747,Nicki,Millmore,nmillmore7v@hibu.com,Female,hibu.com,04/05/1994,28
748,Emmeline,Sebrens,esebrens41@vinaora.com,Female,vinaora.com,12/06/1993,28
749,Zacharie,Cupper,zcupperg@digg.com,Male,digg.com,04/01/1987,35
750,Anna,Lucien,alucien23@gmpg.org,Female,gmpg.org,10/03/1994,28
751,Melodee,Whyman,mwhyman8o@imgur.com,Female,imgur.com,27/09/1989,32
753,Rourke,Pagnin,rpagnin79@e-recht24.de,Male,e-recht24.de,07/11/1992,29
754,Justus,Farnworth,jfarnworth8t@upenn.edu,Male,upenn.edu,27/09/1997,24
755,Forest,Moreinu,fmoreinu5z@cdbaby.com,Male,cdbaby.com,10/09/1988,33
758,Abba,Mannooch,amannooch7z@fda.gov,Male,fda.gov,01/07/1988,33
759,Allin,Mion,amion3n@altervista.org,Male,altervista.org,29/10/1987,34
760,Donaugh,Kehoe,dkehoe9m@reddit.com,Male,reddit.com,04/01/1994,28
761,Annabel,De Carlo,adecarlo8j@i2i.jp,Female,i2i.jp,19/01/1995,27
762,Cathlene,Passingham,cpassingham22@ezinearticles.com,Female,ezinearticles.com,29/06/1995,26
763,Neron,Kitching,nkitching6g@illinois.edu,Male,illinois.edu,18/09/1999,22
764,Avril,Graffham,agraffham7t@narod.ru,Female,narod.ru,22/07/1988,33
765,Pam,Cottrill,pcottrill83@sbwire.com,Female,sbwire.com,12/08/1992,29
766,Conrade,Winchester,cwinchesterck@infoseek.co.jp,Male,infoseek.co.jp,09/10/1989,32
767,Yolanthe,Ivankovic,yivankovicd0@google.co.uk,Female,google.co.uk,26/09/1993,28
768,Nolan,Whittleton,nwhittletong@hp.com,Male,hp.com,16/04/1997,25
769,Idelle,Fairbairn,ifairbairn7j@jimdo.com,Female,jimdo.com,26/07/1997,24
771,Ax,Studman,astudman77@wikimedia.org,Male,wikimedia.org,11/04/1998,24
772,Ripley,Mougenel,rmougenelan@aboutads.info,Male,aboutads.info,07/04/1996,26
773,Faustine,Creigan,fcreigan4y@prnewswire.com,Female,prnewswire.com,14/01/1995,27
774,Allina,Josum,ajosum5w@zdnet.com,Female,zdnet.com,12/03/1988,34
775,Borden,Lander,blander93@nature.com,Male,nature.com,23/11/1992,29
776,Meredith,Stenbridge,mstenbridge7z@nhs.uk,Female,nhs.uk,13/12/1990,31
777,Lenore,Stiffell,lstiffell6e@virginia.edu,Female,virginia.edu,12/12/1986,35
778,Yelena,Bettles,ybettles8g@illinois.edu,Female,illinois.edu,18/09/1994,27
779,Gerry,Ray,grays@w3.org,Female,w3.org,20/09/1985,36
780,Pearline,Forgie,pforgieci@51.la,Female,51.la,22/02/1995,27
781,Michal,Johnsson,mjohnsson8t@ebay.co.uk,Male,ebay.co.uk,11/06/1985,36
782,Gideon,Portt,gportt2m@house.gov,Male,house.gov,20/12/1987,34
783,Corty,Millyard,cmillyardaj@about.me,Male,about.me,19/11/1987,34
784,Feliza,Costellow,fcostellow52@reddit.com,Female,reddit.com,29/01/1992,30
785,Prentiss,Welds,pwelds7w@yellowpages.com,Male,yellowpages.com,09/06/1988,33
786,Lynn,Barthrop,lbarthrop2@mediafire.com,Male,mediafire.com,08/01/1996,26
787,Keefe,Worgen,kworgen7b@tiny.cc,Male,tiny.cc,01/02/1993,29
788,Lorry,Torrans,ltorransc5@state.tx.us,Female,state.tx.us,26/11/1990,31
789,Marji,Cholomin,mcholomin1e@com.com,Female,com.com,01/09/1997,24
791,Patty,Gagie,pgagie1f@moonfruit.com,Female,moonfruit.com,11/08/1995,26
792,Jonas,O'Tierney,jotierneyao@reference.com,Male,reference.com,24/06/1994,27
793,Bobbe,Succamore,bsuccamore85@g.co,Female,g.co,10/06/1995,26
795,Ewart,Lisciandri,elisciandri5v@youtu.be,Male,youtu.be,19/05/1997,24
796,Roxy,Moorerud,rmoorerud6o@webs.com,Female,webs.com,21/09/1992,29
797,Stern,Bahia,sbahia10@desdev.cn,Male,desdev.cn,27/09/1997,24
798,Esteban,Blazhevich,eblazhevich83@hubpages.com,Male,hubpages.com,17/04/1986,36
799,Courtnay,Gomm,cgommb2@va.gov,Male,va.gov,02/03/1988,34
800,Irwinn,Ughetti,iughetti96@joomla.org,Male,joomla.org,27/09/1986,35
801,Richardo,Trevethan,rtrevethan5t@huffingtonpost.com,Male,huffingtonpost.com,29/07/1987,34
802,Bernhard,Deakan,bdeakan7e@ca.gov,Male,ca.gov,17/10/1988,33
803,Davine,Whal,dwhall@mlb.com,Female,mlb.com,20/01/1985,37
804,Bay,Mayte,bmayteac@huffingtonpost.com,Male,huffingtonpost.com,18/03/1987,35
805,Fransisco,Pickersail,fpickersail95@sourceforge.net,Male,sourceforge.net,01/04/1989,33
806,Dionne,Thuillier,dthuillier6j@cbsnews.com,Female,cbsnews.com,17/04/1985,37
807,Sallee,Jackman,sjackman0@yellowpages.com,Female,yellowpages.com,23/11/1987,34
808,Gerik,Wudeland,gwudeland58@newsvine.com,Male,newsvine.com,03/08/1986,35
809,Hershel,Sapir,hsapirdp@blogger.com,Male,blogger.com,20/07/1995,26
810,Ruthi,Leadston,rleadston8o@ebay.co.uk,Female,ebay.co.uk,10/09/1986,35
812,Belva,Bowlas,bbowlas1a@reverbnation.com,Female,reverbnation.com,13/04/1994,28
813,Wash,De Gowe,wdegowe35@redcross.org,Male,redcross.org,27/01/1990,32
814,Patricio,Ubsdall,pubsdallde@icio.us,Male,icio.us,07/03/1999,23
815,Gael,Skyram,gskyram65@vinaora.com,Male,vinaora.com,25/10/1999,22
816,Archibaldo,Kerans,akerans3d@disqus.com,Male,disqus.com,26/03/1992,30
817,Maddalena,Twitchett,mtwitchett2h@huffingtonpost.com,Female,huffingtonpost.com,25/02/1998,24
818,Denys,Cisar,dcisar9u@indiegogo.com,Male,indiegogo.com,05/06/1989,32
820,Cam,Wernher,cwernher9i@tinypic.com,Female,tinypic.com,05/09/1999,22
821,Cheston,Tooze,ctooze8i@howstuffworks.com,Male,howstuffworks.com,04/09/1988,33
822,Sosanna,Ropkes,sropkes62@mediafire.com,Female,mediafire.com,25/03/1986,36
823,Dorthea,Cowing,dcowing4x@census.gov,Female,census.gov,03/05/1993,29
824,Tandie,Gobert,tgobert93@instagram.com,Female,instagram.com,13/05/1997,25
826,Eadie,Roscamps,eroscamps7@ebay.com,Female,ebay.com,12/12/1986,35
827,Mab,Jarred,mjarred3p@biglobe.ne.jp,Female,biglobe.ne.jp,22/02/1997,25
828,Aldis,Chitty,achittybk@g.co,Male,g.co,03/06/1992,29
829,Sarine,Harston,sharstonz@w3.org,Female,w3.org,06/07/1987,34
830,Jena,Gribbins,jgribbins7k@thetimes.co.uk,Female,thetimes.co.uk,09/05/1993,29
831,Ferdy,Danton,fdanton89@taobao.com,Male,taobao.com,12/02/1986,36
832,Anson,Odo,aodo5q@hc360.com,Male,hc360.com,27/09/1996,25
833,Monroe,Palatino,mpalatinobj@utexas.edu,Male,utexas.edu,16/07/1990,31
834,Sandye,Iacobacci,siacobacci8b@exblog.jp,Female,exblog.jp,30/06/1997,24
835,Nial,Wethered,nwethered49@slideshare.net,Male,slideshare.net,17/06/1985,36
836,Myca,Dincey,mdincey3b@ow.ly,Male,ow.ly,15/02/1990,32
837,Renaud,Kippen,rkippen8e@huffingtonpost.com,Male,huffingtonpost.com,12/02/1999,23
838,Nicolai,Sheara,nsheara34@example.com,Male,example.com,27/01/1987,35
839,Donny,Dury,ddury5b@state.gov,Female,state.gov,01/11/1993,28
840,Chester,Byrd,cbyrd3p@zdnet.com,Male,zdnet.com,04/07/1991,30
841,Abdel,Burth,aburth4g@networksolutions.com,Male,networksolutions.com,01/09/1987,34
842,Ollie,Tym,otymdr@geocities.com,Male,geocities.com,09/06/1996,25
843,Germaine,Pharo,gpharo58@army.mil,Male,army.mil,12/06/1985,36
844,Roanna,Banishevitz,rbanishevitz2s@gov.uk,Female,gov.uk,15/10/1986,35
845,Anabal,Simmig,asimmigbs@acquirethisname.com,Female,acquirethisname.com,08/08/1990,31
846,Elisha,Simonini,esimonini41@unicef.org,Male,unicef.org,04/12/1992,29
847,Hamnet,Johanning,hjohanning24@twitpic.com,Male,twitpic.com,10/09/1992,29
848,Baron,Spawforth,bspawforthb9@bbc.co.uk,Male,bbc.co.uk,16/02/1996,26
849,Sydelle,Ghelardi,sghelardiat@ted.com,Female,ted.com,14/06/1989,32
850,Lorettalorna,Pettyfar,lpettyfarbq@parallels.com,Female,parallels.com,26/09/1992,29
851,Cathrin,Barnwall,cbarnwall2i@mapy.cz,Female,mapy.cz,01/07/1985,36
852,Janine,Schottli,jschottli8u@accuweather.com,Female,accuweather.com,10/04/1997,25
853,Zelig,O'Moylane,zomoylanet@go.com,Male,go.com,09/04/1991,31
854,Jammie,Winfield,jwinfield9s@cocolog-nifty.com,Female,cocolog-nifty.com,30/07/1993,28
855,Odey,Blesdill,oblesdilldt@soundcloud.com,Male,soundcloud.com,01/03/1994,28
856,Dannie,Tribbeck,dtribbeckj@hugedomains.com,Male,hugedomains.com,18/11/1998,23
857,Kania,Matterface,kmatterfaced5@va.gov,Female,va.gov,31/03/1993,29
858,Leoline,Kornyshev,lkornyshev9v@angelfire.com,Female,angelfire.com,24/07/1992,29
860,Fay,Burg,fburgq@constantcontact.com,Female,constantcontact.com,23/08/1999,22
862,Charla,Christol,cchristol5t@ucla.edu,Female,ucla.edu,01/03/1991,31
864,Liam,Quernel,lquernel1d@youtu.be,Male,youtu.be,04/10/1992,29
866,Jacintha,Alabone,jalabone0@state.gov,Female,state.gov,31/10/1994,27
867,Isa,Kohlert,ikohlert1g@ustream.tv,Female,ustream.tv,22/10/1988,33
868,Stefan,Buttriss,sbuttriss8m@wufoo.com,Male,wufoo.com,29/01/1986,36
870,Adlai,Masding,amasding5h@berkeley.edu,Male,berkeley.edu,22/05/1988,33
871,Brade,Newall,bnewall3d@cyberchimps.com,Male,cyberchimps.com,25/03/1999,23
872,Gran,Holgan,gholganah@smh.com.au,Male,smh.com.au,26/11/1993,28
873,Bartholomeo,Barti,bbartid4@google.com.br,Male,google.com.br,27/04/1987,35
874,Jammal,Woolis,jwoolis81@mayoclinic.com,Male,mayoclinic.com,25/12/1994,27
876,Blakelee,Marrion,bmarrion8w@storify.com,Female,storify.com,15/01/1989,33
877,Morgan,Riggulsford,mriggulsford98@china.com.cn,Female,china.com.cn,07/08/1985,36
878,Dickie,MacGiolla Pheadair,dmacgiollapheadair9k@ow.ly,Male,ow.ly,17/06/1988,33
879,Pippy,Dankersley,pdankersley71@soup.io,Female,soup.io,06/01/1988,34
880,Dominica,Matzen,dmatzenc9@ihg.com,Female,ihg.com,02/12/1987,34
881,Angeline,McCallam,amccallam6p@a8.net,Female,a8.net,29/03/1999,23
882,Wilmette,Okey,wokeybv@java.com,Female,java.com,26/09/1990,31
883,Guglielmo,Gniewosz,ggniewoszai@storify.com,Male,storify.com,13/09/1997,24
884,Kyle,Tanswell,ktanswellc8@senate.gov,Female,senate.gov,22/01/1986,36
885,Sylvester,Ashforth,sashforthbg@cdc.gov,Male,cdc.gov,01/07/1995,26
886,Brit,Dwelley,bdwelleybw@cbc.ca,Male,cbc.ca,28/02/1993,29
888,Silvain,D'Souza,sdsouza26@clickbank.net,Male,clickbank.net,05/01/1990,32
889,Walt,Mawhinney,wmawhinneyc9@netscape.com,Male,netscape.com,07/10/1994,27
890,Bethina,Trayling,btraylingb8@ucoz.com,Female,ucoz.com,03/07/1987,34
891,Rea,Goutcher,rgoutcher68@sbwire.com,Female,sbwire.com,26/05/1992,29
892,Lanni,Jesse,ljessebo@imageshack.us,Female,imageshack.us,13/06/1999,22
895,Deane,Soitoux,dsoitoux9f@ucoz.com,Male,ucoz.com,11/04/1993,29
896,Ruth,Moult,rmoult33@gov.uk,Female,gov.uk,15/10/1988,33
897,Biron,Breagan,bbreagan8s@csmonitor.com,Male,csmonitor.com,28/06/1996,25
898,Katuscha,Gilley,kgilley7q@qq.com,Female,qq.com,18/06/1989,32
899,Viviene,Stairmond,vstairmond87@xinhuanet.com,Female,xinhuanet.com,18/07/1992,29
900,Sherri,Hollier,shollier9w@photobucket.com,Female,photobucket.com,01/11/1999,22
901,Fayth,Tunnock,ftunnockca@reference.com,Female,reference.com,24/04/1990,32
903,Howie,Spiller,hspillercv@slideshare.net,Male,slideshare.net,16/01/1986,36
904,Ned,Mount,nmount4h@alexa.com,Male,alexa.com,04/09/1999,22
905,Abel,Clearie,aclearie5b@1und1.de,Male,1und1.de,27/12/1985,36
906,Tades,Obin,tobin43@theatlantic.com,Male,theatlantic.com,25/02/1995,27
908,Pavel,Shorthouse,pshorthouse8j@jalbum.net,Male,jalbum.net,12/08/1997,24
909,Nick,Karlsen,nkarlsen6j@nationalgeographic.com,Male,nationalgeographic.com,21/03/1987,35
910,Tabbie,Phillippo,tphillippoby@omniture.com,Male,omniture.com,03/11/1990,31
911,Bordy,McCrum,bmccrumcg@examiner.com,Male,examiner.com,17/06/1986,35
912,Aile,Midlane,amidlane54@chronoengine.com,Female,chronoengine.com,05/01/1995,27
913,Chlo,Teasell,cteasell2k@etsy.com,Female,etsy.com,27/05/1991,30
914,Raynard,Thewlis,rthewlis3e@reddit.com,Male,reddit.com,19/11/1999,22
915,Tana,Portsmouth,tportsmouth4p@ox.ac.uk,Female,ox.ac.uk,30/10/1991,30
916,Charles,Bosch,cbosch8r@prweb.com,Male,prweb.com,16/09/1992,29
917,Yolane,Arblaster,yarblaster50@cbsnews.com,Female,cbsnews.com,22/05/1985,36
918,Berk,Strewthers,bstrewthersa7@com.com,Male,com.com,22/03/1997,25
920,Suzanna,Trevenu,strevenu2q@posterous.com,Female,posterous.com,27/02/1991,31
921,Brodie,Daventry,bdaventry6i@chicagotribune.com,Male,chicagotribune.com,26/09/1997,24
923,Lorry,Heelis,lheelis3f@nba.com,Female,nba.com,22/02/1992,30
924,Van,Spradbrow,vspradbroway@apache.org,Male,apache.org,08/10/1985,36
925,Ermin,Pitcaithley,epitcaithley9p@merriam-webster.com,Male,merriam-webster.com,02/04/1995,27
926,Marwin,Rottery,mrottery8i@ifeng.com,Male,ifeng.com,06/05/1992,30
927,Billie,Langstaff,blangstaff5x@blogtalkradio.com,Female,blogtalkradio.com,17/11/1992,29
928,Kayle,Duignan,kduignan4m@un.org,Female,un.org,03/04/1991,31
929,Leontine,MacFarlane,lmacfarlane1m@sbwire.com,Female,sbwire.com,11/10/1990,31
930,Arturo,Dennes,adennesdr@tinypic.com,Male,tinypic.com,30/05/1990,31
931,Waylan,Poplee,wpoplee78@so-net.ne.jp,Male,so-net.ne.jp,25/03/1994,28
932,Aggy,Mayman,amayman17@last.fm,Female,last.fm,24/03/1992,30
933,Caroline,Chate,cchate3w@google.fr,Female,google.fr,24/03/1985,37
934,Verna,Corkell,vcorkell9k@geocities.com,Female,geocities.com,03/10/1993,28
935,Boycie,Hedingham,bhedingham76@google.co.jp,Male,google.co.jp,04/06/1987,34
936,Simone,Brason,sbrason3f@statcounter.com,Male,statcounter.com,25/09/1988,33
937,Anet,Anderbrugge,aanderbruggebi@yahoo.com,Female,yahoo.com,17/01/1986,36
938,Osbert,Kissick,okissickcz@auda.org.au,Male,auda.org.au,09/08/1996,25
939,Inness,Vellden,ivellden5f@photobucket.com,Male,photobucket.com,08/10/1986,35
940,Ernest,Beagan,ebeaganp@bandcamp.com,Male,bandcamp.com,23/08/1996,25
942,Celine,Coakley,ccoakley3i@usgs.gov,Female,usgs.gov,15/08/1988,33
944,Derrik,Beals,dbeals6f@cnet.com,Male,cnet.com,04/03/1986,36
946,Rees,Conroy,rconroy1z@list-manage.com,Male,list-manage.com,14/01/1987,35
947,Hyacinthia,Tolerton,htolerton26@pcworld.com,Female,pcworld.com,05/10/1989,32
948,Corabel,Utteridge,cutteridge59@businessinsider.com,Female,businessinsider.com,19/02/1989,33
949,Elwin,Measey,emeasey3y@skype.com,Male,skype.com,28/04/1989,33
950,Jenelle,Braidman,jbraidman2y@epa.gov,Female,epa.gov,24/04/1985,37
951,Pierrette,Klarzynski,pklarzynskih@psu.edu,Female,psu.edu,30/09/1992,29
952,Manon,Gallafant,mgallafantce@mlb.com,Female,mlb.com,26/12/1987,34
953,Tricia,Baldree,tbaldreebb@infoseek.co.jp,Female,infoseek.co.jp,22/06/1988,33
954,Zelig,Julyan,zjulyandn@reddit.com,Male,reddit.com,14/04/1992,30
955,Danila,Yielding,dyielding2a@auda.org.au,Female,auda.org.au,05/09/1997,24
956,Ashien,Poulett,apoulett1i@w3.org,Female,w3.org,28/07/1992,29
957,May,Dawltrey,mdawltrey6w@japanpost.jp,Female,japanpost.jp,25/02/1988,34
958,Honoria,Laidler,hlaidlerav@tinypic.com,Female,tinypic.com,17/07/1985,36
959,Florina,Mepham,fmepham90@ted.com,Female,ted.com,31/03/1986,36
960,Thaddus,Gilbody,tgilbody96@deliciousdays.com,Male,deliciousdays.com,27/06/1992,29
962,Jodi,Wallbridge,jwallbridge6q@reference.com,Male,reference.com,28/08/1994,27
963,Glen,Lillywhite,glillywhitea4@prnewswire.com,Male,prnewswire.com,10/07/1992,29
964,Nevil,Sprowell,nsprowell94@google.de,Male,google.de,17/04/1996,26
965,Maryanne,Skupinski,mskupinski65@tumblr.com,Female,tumblr.com,16/04/1996,26
966,Madalena,Bosche,mbosched8@japanpost.jp,Female,japanpost.jp,06/07/1985,36
967,Ripley,Larrett,rlarrett51@ask.com,Male,ask.com,21/09/1993,28
969,Gabriela,Gordon-Giles,ggordongiles7h@bbb.org,Female,bbb.org,20/12/1996,25
970,Isaak,Brobak,ibrobak48@unesco.org,Male,unesco.org,05/01/1996,26
971,Quentin,Corbert,qcorbert7o@usgs.gov,Male,usgs.gov,21/12/1987,34
972,Sherri,Tunnah,stunnahbz@cyberchimps.com,Female,cyberchimps.com,25/06/1997,24
974,Mycah,Feltoe,mfeltoe88@tumblr.com,Male,tumblr.com,19/01/1992,30
975,Efren,Morris,emorris8g@amazon.com,Male,amazon.com,26/03/1992,30
976,Jorrie,Kobke,jkobke14@howstuffworks.com,Female,howstuffworks.com,20/04/1999,23
977,Wade,Comsty,wcomsty5q@shop-pro.jp,Male,shop-pro.jp,19/11/1999,22
978,Al,Quernel,aquernelc7@delicious.com,Male,delicious.com,28/09/1987,34
979,Caresa,Mugridge,cmugridge6t@narod.ru,Female,narod.ru,20/10/1988,33
980,Conrado,Kenset,ckenset8h@themeforest.net,Male,themeforest.net,11/08/1991,30
981,Morly,Sainter,msainterb7@thetimes.co.uk,Male,thetimes.co.uk,13/06/1988,33
982,Fred,Andreaccio,fandreaccio3w@admin.ch,Male,admin.ch,11/03/1993,29
983,Etienne,Ferraron,eferraron6t@tripod.com,Male,tripod.com,19/09/1993,28
984,Luella,Oldham,loldhamal@posterous.com,Female,posterous.com,16/04/1988,34
985,Morena,McKew,mmckew9w@de.vu,Female,de.vu,24/03/1988,34
986,Steve,Zelland,szelland8z@netvibes.com,Male,netvibes.com,07/05/1995,27
987,Josiah,Portigall,jportigallcq@apache.org,Male,apache.org,10/09/1994,27
988,Corbin,Bootell,cbootellbo@netlog.com,Male,netlog.com,21/09/1992,29
989,Geoffry,Coolbear,gcoolbearc1@opensource.org,Male,opensource.org,08/12/1993,28
990,Marsha,Sandever,msandever8p@cargocollective.com,Female,cargocollective.com,15/08/1988,33
991,Melina,Boulds,mboulds1f@toplist.cz,Female,toplist.cz,14/04/1991,31
992,Herve,Stacey,hstaceycc@psu.edu,Male,psu.edu,07/01/1989,33
994,Albina,Pow,apow6v@cdbaby.com,Female,cdbaby.com,20/09/1986,35
995,Mel,Schruur,mschruur1t@pen.io,Male,pen.io,30/11/1992,29
996,Francine,Muckley,fmuckley8k@imgur.com,Female,imgur.com,06/06/1996,25
997,Adler,Ryce,aryce68@uol.com.br,Male,uol.com.br,11/05/1991,31
998,Hayes,Banks,hbanks1h@slideshare.net,Male,slideshare.net,03/04/1990,32
999,Bryn,Hulland,bhullandbp@dagondesign.com,Male,dagondesign.com,21/01/1996,26
1000,Danella,Goldbourn,dgoldbournde@go.com,Female,go.com,18/09/1995,26
1002,Will,Crane,wcrane35@discovery.com,Male,discovery.com,04/10/1995,26
1003,Dukey,Kenwell,dkenwelldc@thetimes.co.uk,Male,thetimes.co.uk,01/12/1991,30
1004,Junette,Gilkison,jgilkison85@usda.gov,Female,usda.gov,24/04/1996,26
1005,Kittie,Northeast,knortheast66@yahoo.co.jp,Female,yahoo.co.jp,23/09/1994,27
1007,Chastity,Colhoun,ccolhoundf@sphinn.com,Female,sphinn.com,13/02/1987,35
1008,Beatrisa,Sacaze,bsacazecd@zdnet.com,Female,zdnet.com,08/07/1991,30
1009,Pooh,Ibberson,pibberson6i@msu.edu,Male,msu.edu,09/10/1987,34
1010,Alistair,Kender,akendere@accuweather.com,Male,accuweather.com,07/12/1994,27
1011,Justine,McKnish,jmcknish2@cnn.com,Female,cnn.com,07/01/1998,24
1012,Shadow,Redding,sreddingdg@baidu.com,Male,baidu.com,07/08/1987,34
1013,Ardine,Lisamore,alisamore2w@si.edu,Female,si.edu,02/11/1993,28
1014,Thomasine,Armatage,tarmatage84@jiathis.com,Female,jiathis.com,04/07/1991,30
1015,Markos,Klampk,mklampkcw@ovh.net,Male,ovh.net,13/11/1992,29
1016,Elysee,Jeacop,ejeacopc4@mail.ru,Female,mail.ru,17/12/1989,32
1017,Audre,Denisard,adenisardaq@theglobeandmail.com,Female,theglobeandmail.com,06/12/1998,23
1018,Karrah,Melross,kmelross13@reuters.com,Female,reuters.com,14/08/1985,36
1019,Lauree,Farmer,lfarmerb@foxnews.com,Female,foxnews.com,10/07/1987,34
1020,Anne-marie,Mowsley,amowsley15@histats.com,Female,histats.com,14/04/1998,24
1021,Gwenore,Whitehorne,gwhitehorne8l@admin.ch,Female,admin.ch,28/06/1997,24
1022,Marylou,Enever,meneverbl@reddit.com,Female,reddit.com,31/01/1987,35
1023,Lurette,Basnett,lbasnetto@about.com,Female,about.com,01/07/1992,29
1024,Thoma,Dillingstone,tdillingstone3t@xrea.com,Male,xrea.com,17/07/1991,30
1025,Ilaire,Mustin,imustin25@constantcontact.com,Male,constantcontact.com,22/08/1988,33
1026,Maggi,Davidde,mdavidde69@google.com,Female,google.com,07/09/1994,27
1027,Lani,Rentoll,lrentoll5u@alexa.com,Female,alexa.com,21/11/1996,25
1028,Isabelita,Knox,iknox82@usnews.com,Female,usnews.com,30/01/1988,34
1029,Vanny,Pregal,vpregal73@indiegogo.com,Female,indiegogo.com,28/10/1989,32
1030,Marlow,Sterricker,msterrickerz@flickr.com,Male,flickr.com,07/09/1994,27
1031,Rodolphe,Latus,rlatus4z@nasa.gov,Male,nasa.gov,14/05/1989,33
1032,Vincents,Camus,vcamus7p@feedburner.com,Male,feedburner.com,26/10/1998,23
1033,Randie,Cloke,rclokecu@ucsd.edu,Male,ucsd.edu,05/10/1994,27
1034,Chrotoem,Eytel,ceytel92@goo.gl,Male,goo.gl,20/01/1987,35
1035,Christel,Thyer,cthyerch@ted.com,Female,ted.com,08/05/1995,27
1036,Marlie,Lowis,mlowis1i@discovery.com,Female,discovery.com,29/01/1996,26
1037,Conrade,Raffles,crafflesh@sogou.com,Male,sogou.com,09/10/1994,27
1038,Karie,Dahlberg,kdahlberg5t@chron.com,Female,chron.com,09/06/1995,26
1039,Ivory,Pendergrast,ipendergrast93@canalblog.com,Female,canalblog.com,06/10/1996,25
1040,Aryn,Kochel,akochel21@twitter.com,Female,twitter.com,15/03/1988,34
1041,Porter,Everly,peverly7x@posterous.com,Male,posterous.com,29/08/1991,30
1043,Coletta,Radish,cradish1d@apple.com,Female,apple.com,01/06/1996,25
1044,Lydie,Stollman,lstollmandn@geocities.jp,Female,geocities.jp,04/04/1998,24
1045,Blinny,Dumphy,bdumphy3g@pcworld.com,Female,pcworld.com,30/09/1992,29
1046,Reinaldos,Rainville,rrainvilledh@psu.edu,Male,psu.edu,17/02/1993,29
1047,Skip,Josling,sjosling7a@cbc.ca,Male,cbc.ca,30/10/1994,27
1048,Cullan,Prodrick,cprodrick7l@guardian.co.uk,Male,guardian.co.uk,27/08/1988,33
1049,Tara,Monkhouse,tmonkhouse1q@cisco.com,Female,cisco.com,30/12/1999,22
1050,Lukas,Shirrell,lshirrell7v@merriam-webster.com,Male,merriam-webster.com,19/03/1992,30
1051,Granny,Melby,gmelby9x@wix.com,Male,wix.com,23/03/1993,29
1052,Brigg,Iles,bilesb7@phoca.cz,Male,phoca.cz,11/02/1995,27
1053,Dorri,De Roberto,dderobertoa9@storify.com,Female,storify.com,20/11/1991,30
1055,Ollie,O'Carran,oocarran9o@wix.com,Male,wix.com,09/11/1999,22
1056,Sean,Warbey,swarbey55@amazon.de,Female,amazon.de,14/12/1994,27
1057,Rae,Machans,rmachansb5@mashable.com,Female,mashable.com,29/06/1996,25
1058,Halsey,Yurocjhin,hyurocjhincu@hc360.com,Male,hc360.com,28/05/1994,27
1060,Barrie,Ayris,bayris9q@marriott.com,Male,marriott.com,07/08/1987,34
1061,Gayelord,Roark,groark8u@cdc.gov,Male,cdc.gov,26/12/1994,27
1062,Ninnetta,Sharrard,nsharrard6c@squidoo.com,Female,squidoo.com,05/03/1995,27
1064,Kelila,Bearsmore,kbearsmore2g@un.org,Female,un.org,10/10/1994,27
1065,Annissa,Schulze,aschulze4t@wsj.com,Female,wsj.com,20/02/1994,28
1066,Christian,Platt,cplatt2a@patch.com,Female,patch.com,04/10/1987,34
1067,Renee,Hounsham,rhounsham19@berkeley.edu,Female,berkeley.edu,16/10/1999,22
1068,Cordell,Pennini,cpenninit@samsung.com,Male,samsung.com,07/09/1996,25
1069,Bathsheba,Cervantes,bcervantes5w@spiegel.de,Female,spiegel.de,29/01/1995,27
1071,Even,Ehrat,eehratb6@jugem.jp,Male,jugem.jp,01/08/1995,26
1073,Belle,Featherstonhaugh,bfeatherstonhaugh53@theguardian.com,Female,theguardian.com,29/10/1996,25
1074,Micheil,Pointing,mpointing4n@washington.edu,Male,washington.edu,01/10/1986,35
1076,Ingmar,Kleinbaum,ikleinbaum5s@boston.com,Male,boston.com,27/04/1994,28
1077,Colet,McCaughen,cmccaughencb@goo.ne.jp,Male,goo.ne.jp,03/04/1997,25
1078,Dell,Billion,dbillion0@icq.com,Male,icq.com,08/04/1994,28
1079,Hyatt,Dumper,hdumper44@chronoengine.com,Male,chronoengine.com,15/05/1997,25
1080,Zabrina,Larrington,zlarrington4u@va.gov,Female,va.gov,30/08/1990,31
1081,Ddene,Rackley,drackleydv@oakley.com,Female,oakley.com,25/12/1986,35
1082,Sashenka,Kerner,skerner65@reference.com,Female,reference.com,08/07/1998,23
1083,Karyn,Paulig,kpaulig8j@quantcast.com,Female,quantcast.com,24/03/1994,28
1084,Abby,Pottinger,apottinger2l@liveinternet.ru,Male,liveinternet.ru,30/10/1991,30
1085,Carla,Cortese,ccortese2s@booking.com,Female,booking.com,15/06/1991,30
1087,Nedi,Golding,ngoldingn@independent.co.uk,Female,independent.co.uk,15/02/1994,28
1088,Bertine,Wingrove,bwingrovedp@blogspot.com,Female,blogspot.com,09/02/1988,34
1089,Kathye,Mulleary,kmulleary46@accuweather.com,Female,accuweather.com,26/01/1988,34
1090,Gray,Gresty,ggresty7@de.vu,Male,de.vu,06/07/1989,32
1091,Ogdon,Cran,ocran92@blogger.com,Male,blogger.com,28/03/1993,29
1092,Tallulah,Innerstone,tinnerstone5@baidu.com,Female,baidu.com,01/03/1995,27
1093,Jolyn,Diddams,jdiddamsdg@utexas.edu,Female,utexas.edu,04/12/1986,35
1094,Heall,Sterricks,hsterricks31@1und1.de,Male,1und1.de,20/10/1995,26
1095,Evvie,Hutt,ehuttd7@indiegogo.com,Female,indiegogo.com,02/08/1985,36
1096,Kelci,Greste,kgreste3j@springer.com,Female,springer.com,04/03/1997,25
1097,Elvera,Renahan,erenahan8n@patch.com,Female,patch.com,31/07/1986,35
1098,Timmie,Demougeot,tdemougeot8i@vk.com,Female,vk.com,11/01/1991,31
1100,Dix,Godfroy,dgodfroyau@blogger.com,Female,blogger.com,13/02/1986,36
1101,Robena,Bru,rbrudt@mtv.com,Female,mtv.com,26/03/1995,27
1102,Charita,Cram,ccram34@themeforest.net,Female,themeforest.net,18/06/1990,31
1103,Evelyn,Gaskamp,egaskamp9u@businesswire.com,Male,businesswire.com,16/06/1986,35
1105,Angeline,De Beneditti,adebenedittibf@com.com,Female,com.com,11/11/1992,29
1106,Marlin,Vogt,mvogtbd@51.la,Male,51.la,09/12/1992,29
1107,Rubie,Mandrier,rmandrierch@cafepress.com,Female,cafepress.com,13/02/1986,36
1108,Brandy,Syrett,bsyrett6w@cocolog-nifty.com,Male,cocolog-nifty.com,16/10/1992,29
1109,Demott,Benian,dbenian7i@yellowpages.com,Male,yellowpages.com,04/09/1993,28
1110,Amalie,Erett,aerett5v@newsvine.com,Female,newsvine.com,19/12/1986,35
1111,Tarrah,Schnitter,tschnitter8x@goo.gl,Female,goo.gl,07/05/1987,35
1112,Gardener,Jenney,gjenneyc2@eepurl.com,Male,eepurl.com,16/05/1999,23
1116,Thedric,Trorey,ttroreybm@ucsd.edu,Male,ucsd.edu,22/09/1987,34
1117,Tarah,Kerswell,tkerswell5r@si.edu,Female,si.edu,12/03/1994,28
1118,Christy,Dyke,cdyke61@chronoengine.com,Female,chronoengine.com,17/06/1993,28
1119,Bronnie,Pethick,bpethick73@disqus.com,Male,disqus.com,10/09/1988,33
1120,Toma,Burtwell,tburtwellcf@nps.gov,Female,nps.gov,06/06/1994,27
1121,Sander,Toogood,stoogood17@moonfruit.com,Male,moonfruit.com,28/07/1989,32
1122,Ashlee,Limpkin,alimpkin61@narod.ru,Female,narod.ru,23/04/1988,34
1123,Tremayne,Verdie,tverdie2m@indiatimes.com,Male,indiatimes.com,17/05/1988,33
1124,Ferguson,Bridson,fbridsonbc@state.tx.us,Male,state.tx.us,09/07/1990,31
1125,Annice,Heers,aheers6n@amazon.com,Female,amazon.com,05/05/1996,26
1126,Salomone,Mumbeson,smumbeson8q@meetup.com,Male,meetup.com,11/01/1996,26
1127,Farrand,Baggiani,fbaggiani8k@google.nl,Female,google.nl,17/01/1999,23
1128,Chandal,Orgen,corgen8c@etsy.com,Female,etsy.com,02/03/1987,35
1129,Myriam,Agglione,magglione9f@friendfeed.com,Female,friendfeed.com,22/06/1996,25
1130,Melany,Copins,mcopinscq@booking.com,Female,booking.com,01/09/1993,28
1131,Katerina,Giovannilli,kgiovannilli8y@noaa.gov,Female,noaa.gov,27/02/1989,33
1132,Bridgette,Hodgin,bhodginds@vkontakte.ru,Female,vkontakte.ru,30/04/1993,29
1133,Merralee,Brisard,mbrisard7j@disqus.com,Female,disqus.com,30/10/1989,32
1134,Anna,Lindsey,alindsey4m@nps.gov,Female,nps.gov,25/11/1996,25
1135,Cathe,Croke,ccroke5q@indiegogo.com,Female,indiegogo.com,21/12/1999,22
1136,Alden,Shedd,asheddd6@chron.com,Male,chron.com,02/02/1994,28
1137,Red,Sate,rsatebn@opensource.org,Male,opensource.org,25/10/1995,26
1139,Dyann,Dicte,ddicte37@privacy.gov.au,Female,privacy.gov.au,29/04/1996,26
1140,Patricia,Wickliffe,pwickliffe83@cdbaby.com,Female,cdbaby.com,14/07/1991,30
1142,Margarita,Scohier,mscohier5@canalblog.com,Female,canalblog.com,12/12/1999,22
1143,Hildegarde,Guisler,hguislerd1@topsy.com,Female,topsy.com,09/09/1999,22
1144,Arlene,Folshom,afolshom26@marketwatch.com,Female,marketwatch.com,16/04/1996,26
1145,Mahmoud,Poulsom,mpoulsom88@ezinearticles.com,Male,ezinearticles.com,23/04/1993,29
1147,Roi,Maplesden,rmaplesden8b@foxnews.com,Male,foxnews.com,03/03/1991,31
1148,Lind,Somerled,lsomerled54@ucsd.edu,Male,ucsd.edu,07/12/1985,36
1149,Doroteya,Everly,deverly92@ft.com,Female,ft.com,10/09/1987,34
1150,Natala,Di Carlo,ndicarlo3m@telegraph.co.uk,Female,telegraph.co.uk,16/01/1990,32
1151,Marrilee,Denekamp,mdenekamp95@wikispaces.com,Female,wikispaces.com,22/03/1988,34
1152,Gui,Stendell,gstendell3y@state.gov,Female,state.gov,06/04/1995,27
1153,Iggy,Guillem,iguillem2u@dedecms.com,Male,dedecms.com,30/06/1987,34
1154,Humberto,Stowers,hstowersdi@spiegel.de,Male,spiegel.de,16/08/1989,32
1156,Bertine,Calvey,bcalvey27@dyndns.org,Female,dyndns.org,28/07/1997,24
1157,Antony,Giacomo,agiacomodk@smugmug.com,Male,smugmug.com,21/01/1995,27
1158,Odele,Dalley,odalleydo@istockphoto.com,Female,istockphoto.com,17/10/1995,26
1160,Mano,Jonuzi,mjonuzi44@about.com,Male,about.com,27/10/1989,32
1161,Harvey,Elis,heliscr@dion.ne.jp,Male,dion.ne.jp,02/10/1993,28
1162,Derril,Tybalt,dtybaltaw@ocn.ne.jp,Male,ocn.ne.jp,15/02/1995,27
1163,Lisa,Jankovsky,ljankovsky7k@ezinearticles.com,Female,ezinearticles.com,04/08/1997,24
1164,Marcus,Ambrosi,mambrosi5y@theglobeandmail.com,Male,theglobeandmail.com,10/08/1985,36
1165,Joelynn,Dawbury,jdawbury5d@epa.gov,Female,epa.gov,11/04/1998,24
1166,Roseline,Padkin,rpadkin6s@acquirethisname.com,Female,acquirethisname.com,12/08/1999,22
1167,Ettie,Roscamps,eroscamps8a@cocolog-nifty.com,Female,cocolog-nifty.com,27/05/1995,26
1168,Raddy,Kelley,rkelleybf@google.co.uk,Male,google.co.uk,04/05/1992,30
1169,Alie,McTavy,amctavybn@state.gov,Female,state.gov,01/01/1989,33
1170,Lion,Rodda,lroddaaw@utexas.edu,Male,utexas.edu,22/06/1994,27
1172,Cyrille,Merrien,cmerrienk@amazon.com,Male,amazon.com,18/08/1987,34
1173,Francklin,Karslake,fkarslake3m@tinypic.com,Male,tinypic.com,29/06/1998,23
1174,Francklin,Kerwin,fkerwin61@latimes.com,Male,latimes.com,13/03/1986,36
1175,Sunny,Sunman,ssunman4a@whitehouse.gov,Male,whitehouse.gov,30/05/1989,32
1176,Lorelei,MacLese,lmaclese6h@ustream.tv,Female,ustream.tv,10/06/1996,25
1177,Halette,Fairbairn,hfairbairno@zimbio.com,Female,zimbio.com,24/01/1993,29
1178,Persis,Dorricott,pdorricott55@netvibes.com,Female,netvibes.com,31/03/1988,34
1179,Zola,Meas,zmeas3r@pen.io,Female,pen.io,25/02/1993,29
1180,Honey,McCosker,hmccosker1t@netlog.com,Female,netlog.com,04/06/1986,35
1181,Cedric,Ellson,cellson35@google.it,Male,google.it,13/09/1988,33
1182,Constance,Buckenham,cbuckenham1q@typepad.com,Female,typepad.com,16/08/1985,36
1183,Lizzy,Colenutt,lcolenuttb1@e-recht24.de,Female,e-recht24.de,02/12/1985,36
1184,Pearce,Greendale,pgreendalec2@cbsnews.com,Male,cbsnews.com,02/11/1994,27
1185,Ofella,Binder,obinderbx@ihg.com,Female,ihg.com,03/07/1985,36
1186,Valentine,Fairweather,vfairweather3z@theglobeandmail.com,Male,theglobeandmail.com,15/04/1993,29
1187,Laurette,Cockayme,lcockaymea3@histats.com,Female,histats.com,29/04/1991,31
1188,Suellen,Simonitto,ssimonitto38@google.com,Female,google.com,11/06/1990,31
1189,Berke,Yegorkin,byegorkinp@whitehouse.gov,Male,whitehouse.gov,19/03/1991,31
1190,Ced,Alelsandrowicz,calelsandrowicz4c@jigsy.com,Male,jigsy.com,11/03/1989,33
1191,Alasdair,De Bruyne,adebruyne8s@nifty.com,Male,nifty.com,27/10/1997,24
1192,Nichole,Neary,nneary2n@bloglines.com,Female,bloglines.com,24/11/1990,31
1193,Laureen,Konke,lkonke3k@jalbum.net,Female,jalbum.net,31/08/1988,33
1194,Bogey,Frizzell,bfrizzell24@free.fr,Male,free.fr,15/02/1990,32
1195,Lammond,Matej,lmatejv@slideshare.net,Male,slideshare.net,10/02/1994,28
1196,Bel,Deex,bdeexbl@columbia.edu,Female,columbia.edu,11/08/1989,32
1197,Dyanna,Gateley,dgateley66@economist.com,Female,economist.com,24/11/1989,32
1198,Juliet,Cawley,jcawley3l@ucoz.com,Female,ucoz.com,04/08/1991,30
1199,Jacklyn,Uwins,juwinscm@state.gov,Female,state.gov,24/02/1990,32
1200,Will,Oliphard,woliphard9m@aboutads.info,Male,aboutads.info,31/08/1995,26
1201,Bryana,Tapner,btapnerdf@reuters.com,Female,reuters.com,03/01/1997,25
1202,Bennie,Pocklington,bpocklingtondu@nydailynews.com,Male,nydailynews.com,02/01/1996,26
1203,Elmo,Ealles,eeallesbt@unicef.org,Male,unicef.org,04/12/1988,33
1204,Midge,Ramalho,mramalhoaf@last.fm,Female,last.fm,02/07/1997,24
1205,Dukie,Blackney,dblackney78@biglobe.ne.jp,Male,biglobe.ne.jp,19/03/1993,29
1206,Yoshiko,Woolmore,ywoolmore2z@state.gov,Female,state.gov,30/10/1985,36
1208,Hadrian,McClelland,hmcclelland7@purevolume.com,Male,purevolume.com,08/03/1994,28
1209,Eward,Stathers,estathers1u@marriott.com,Male,marriott.com,14/05/1996,26
1210,Valentina,Lowles,vlowlesdb@tinyurl.com,Female,tinyurl.com,12/09/1994,27
1211,Ossie,Challicum,ochallicuma8@cocolog-nifty.com,Male,cocolog-nifty.com,29/09/1998,23
1212,Elsinore,Fearnall,efearnall99@mit.edu,Female,mit.edu,11/10/1992,29
1213,Franciskus,Jonczyk,fjonczykl@imdb.com,Male,imdb.com,17/09/1996,25
1214,Libbi,Fossick,lfossick9b@ftc.gov,Female,ftc.gov,21/12/1996,25
1215,Lian,Franzonello,lfranzonellog@trellian.com,Female,trellian.com,17/01/1999,23
1216,Aguistin,Ferreli,aferreli2t@virginia.edu,Male,virginia.edu,09/02/1995,27
1217,Myca,Hedau,mhedauac@cocolog-nifty.com,Male,cocolog-nifty.com,24/09/1998,23
1218,Christel,Smedmore,csmedmore4o@cnn.com,Female,cnn.com,30/06/1993,28
1219,Pegeen,Jesteco,pjesteco6v@de.vu,Female,de.vu,22/04/1994,28
1220,Ross,Cozzi,rcozzi6b@mashable.com,Male,mashable.com,18/01/1990,32
1222,Sheeree,Klousner,sklousner5l@blogtalkradio.com,Female,blogtalkradio.com,22/12/1991,30
1223,Aleece,Baldi,abaldi7n@unicef.org,Female,unicef.org,03/02/1987,35
1224,Raimundo,Cranage,rcranagec1@simplemachines.org,Male,simplemachines.org,28/12/1996,25
1225,Thelma,Boriston,tboriston2c@bravesites.com,Female,bravesites.com,21/08/1991,30
1226,Lavinia,Buckles,lbuckles9m@elpais.com,Female,elpais.com,07/11/1993,28
1227,Alvan,Falconer,afalconerd1@sohu.com,Male,sohu.com,11/04/1999,23
1228,Markos,Jennery,mjennery9z@seattletimes.com,Male,seattletimes.com,03/08/1991,30
1229,Sophi,Dentith,sdentith8y@gravatar.com,Female,gravatar.com,07/10/1998,23
1230,Glenden,Zecchinelli,gzecchinellic5@linkedin.com,Male,linkedin.com,15/08/1991,30
1231,Nerta,Prest,nprest2g@europa.eu,Female,europa.eu,24/02/1987,35
1233,Roberta,Barnewell,rbarnewell1r@usgs.gov,Female,usgs.gov,30/05/1997,24
1234,Erek,Biermatowicz,ebiermatowiczm@guardian.co.uk,Male,guardian.co.uk,30/04/1994,28
1235,Ethel,Breakspear,ebreakspearck@uol.com.br,Female,uol.com.br,10/03/1990,32
1236,Yanaton,Hanford,yhanfordcj@bbb.org,Male,bbb.org,13/09/1998,23
1237,Fulvia,Fossord,ffossordax@ibm.com,Female,ibm.com,02/01/1991,31
1238,Ezechiel,Chaudrelle,echaudrelle7n@addtoany.com,Male,addtoany.com,13/06/1990,31
1239,Cleopatra,Coarser,ccoarser1v@noaa.gov,Female,noaa.gov,03/06/1988,33
1240,Alvie,Bantick,abantick6u@walmart.com,Male,walmart.com,03/12/1988,33
1241,Northrop,Batman,nbatman60@ocn.ne.jp,Male,ocn.ne.jp,06/02/1991,31
1242,Nichole,Newis,nnewis45@rakuten.co.jp,Male,rakuten.co.jp,18/09/1992,29
1243,Kellie,Antoniutti,kantoniuttiar@telegraph.co.uk,Female,telegraph.co.uk,03/12/1993,28
1245,Celka,Cloute,ccloutecy@vk.com,Female,vk.com,11/11/1989,32
1246,Krysta,Hucquart,khucquart9g@amazonaws.com,Female,amazonaws.com,02/07/1991,30
1247,Orella,Jane,ojane6o@twitter.com,Female,twitter.com,07/01/1991,31
1248,Aurelie,Yosifov,ayosifovdb@edublogs.org,Female,edublogs.org,12/06/1995,26
1249,Fraze,Ovendon,fovendon2v@google.ru,Male,google.ru,18/12/1994,27
1250,Deeyn,Lyttle,dlyttle1w@creativecommons.org,Female,creativecommons.org,08/12/1988,33
1251,Doti,Stonnell,dstonnell4n@bigcartel.com,Female,bigcartel.com,19/09/1994,27
1252,Ester,Petchey,epetcheyat@mashable.com,Female,mashable.com,07/08/1987,34
1253,Kameko,Zimmermeister,kzimmermeister9l@ftc.gov,Female,ftc.gov,13/01/1986,36
1254,Garret,Brims,gbrims6a@google.cn,Male,google.cn,30/01/1999,23
1255,Chery,Capper,ccapper6@marriott.com,Female,marriott.com,12/10/1999,22
1256,Nina,Edmondson,nedmondson1y@cisco.com,Female,cisco.com,05/10/1990,31
1257,Ellis,Toohey,etoohey7l@comsenz.com,Male,comsenz.com,25/08/1989,32
1258,Norby,Coulton,ncoulton2v@bing.com,Male,bing.com,14/09/1996,25
1259,Edgardo,Caine,ecaine5c@furl.net,Male,furl.net,02/12/1994,27
1260,Deena,Pocknell,dpocknellbt@hibu.com,Female,hibu.com,12/03/1987,35
1262,Nikolos,Finnimore,nfinnimore40@tiny.cc,Male,tiny.cc,31/05/1996,25
1263,Carter,Cossar,ccossara4@naver.com,Male,naver.com,07/04/1993,29
1264,Keslie,Welsby,kwelsbydq@jigsy.com,Female,jigsy.com,23/04/1991,31
1265,Collen,Richmont,crichmontdd@wsj.com,Female,wsj.com,03/04/1986,36
1268,Weider,Thorneywork,wthorneywork6s@free.fr,Male,free.fr,16/03/1996,26
1269,Tabbie,Haskell,thaskell91@mashable.com,Female,mashable.com,25/07/1998,23
1270,Hollis,Tumilson,htumilson8g@desdev.cn,Male,desdev.cn,10/01/1988,34
1271,Micheal,Bartol,mbartol3q@comcast.net,Male,comcast.net,06/01/1990,32
1272,Emilio,Stapleford,estapleford5x@wix.com,Male,wix.com,03/06/1987,34
1273,Guthry,Gelderd,ggelderd67@pcworld.com,Male,pcworld.com,15/04/1999,23
1274,Ralf,Aberdalgy,raberdalgybe@wikispaces.com,Male,wikispaces.com,28/01/1997,25
1275,Corby,Soggee,csoggee1x@bravesites.com,Male,bravesites.com,12/12/1994,27
1276,Rozanne,Fulep,rfulep5z@so-net.ne.jp,Female,so-net.ne.jp,07/10/1996,25
1277,Gilbert,Kingston,gkingston70@hhs.gov,Male,hhs.gov,14/11/1987,34
1278,Louella,Beincken,lbeincken5y@blog.com,Female,blog.com,26/04/1990,32
1279,Deidre,Rabbitts,drabbittse@who.int,Female,who.int,27/12/1995,26
1281,Annabel,Adan,aadan4f@plala.or.jp,Female,plala.or.jp,20/04/1995,27
1282,Rochester,Aleveque,ralevequeaz@ftc.gov,Male,ftc.gov,08/04/1996,26
1283,Tadd,Brennen,tbrennen5r@cocolog-nifty.com,Male,cocolog-nifty.com,12/04/1997,25
1284,Patty,Hewins,phewinsa@wordpress.com,Male,wordpress.com,24/03/1989,33
1285,Kare,Maytom,kmaytomdp@tinypic.com,Female,tinypic.com,19/03/1997,25
1286,Trix,Biset,tbiset99@issuu.com,Female,issuu.com,11/04/1997,25
1287,Annetta,Linwood,alinwood3h@fc2.com,Female,fc2.com,01/12/1999,22
1288,Brice,Arnall,barnalldq@abc.net.au,Male,abc.net.au,05/04/1986,36
1289,Sydney,Upchurch,supchurch7d@ucoz.com,Female,ucoz.com,10/01/1986,36
1290,Niel,Clayden,nclaydencx@cbsnews.com,Male,cbsnews.com,12/02/1990,32
1292,Cullin,Paige,cpaigebw@nymag.com,Male,nymag.com,18/02/1995,27
1293,Elka,Phizakarley,ephizakarley2d@dyndns.org,Female,dyndns.org,09/03/1998,24
1294,Page,Cowland,pcowlandy@google.cn,Female,google.cn,14/11/1996,25
1295,Aldus,Collibear,acollibear8v@blog.com,Male,blog.com,22/06/1995,26
1296,Regan,McGonigle,rmcgoniglea9@umich.edu,Female,umich.edu,29/05/1985,36
1297,Blinni,Wathall,bwathallb4@posterous.com,Female,posterous.com,21/06/1994,27
1298,Kristien,Belsey,kbelseyb5@cafepress.com,Female,cafepress.com,05/03/1996,26
1299,Lion,Manby,lmanby1u@phpbb.com,Male,phpbb.com,08/07/1987,34
1301,Oralle,Kornyakov,okornyakov7v@infoseek.co.jp,Female,infoseek.co.jp,21/04/1985,37
1302,Barny,Andres,bandres69@merriam-webster.com,Male,merriam-webster.com,17/02/1989,33
1303,Marti,Lundbech,mlundbech5s@businessinsider.com,Female,businessinsider.com,07/08/1986,35
1304,Diarmid,Edgars,dedgars16@narod.ru,Male,narod.ru,17/08/1988,33
1305,Thedric,Mungane,tmungane1l@columbia.edu,Male,columbia.edu,08/10/1997,24
1306,Fiorenze,Eustanch,feustanch44@earthlink.net,Female,earthlink.net,04/02/1998,24
1307,Gretal,Grass,ggrass31@tinyurl.com,Female,tinyurl.com,23/07/1991,30
1308,Lammond,Bricksey,lbrickseybx@cpanel.net,Male,cpanel.net,12/06/1998,23
1309,Benjamin,Gercken,bgerckenaw@squidoo.com,Male,squidoo.com,17/09/1991,30
1310,Catrina,Gallety,cgalletycm@bloglines.com,Female,bloglines.com,25/07/1992,29
1311,Reinaldos,Orman,rorman27@geocities.jp,Male,geocities.jp,25/08/1995,26
1312,Dedie,Chatenet,dchatenet2b@dot.gov,Female,dot.gov,29/10/1988,33
1313,Harvey,Grog,hgrog7a@google.com.au,Male,google.com.au,10/10/1998,23
1314,Jamesy,Comi,jcomici@networksolutions.com,Male,networksolutions.com,14/10/1985,36
1315,Ashien,Mitchinson,amitchinsonb2@flickr.com,Female,flickr.com,28/01/1986,36
1316,Ashely,Wrighton,awrighton7m@slashdot.org,Female,slashdot.org,19/04/1985,37
1318,Harvey,Walewski,hwalewski59@infoseek.co.jp,Male,infoseek.co.jp,26/01/1991,31
1319,Louie,Wardall,lwardall4c@ameblo.jp,Male,ameblo.jp,06/02/1998,24
1320,Glenden,Dovydenas,gdovydenasd5@scientificamerican.com,Male,scientificamerican.com,23/12/1998,23
1321,Reinaldos,Blankau,rblankaur@dot.gov,Male,dot.gov,05/08/1998,23
1322,Byron,Napoli,bnapoli39@army.mil,Male,army.mil,29/05/1991,30
1323,Nannette,Madeley,nmadeley87@geocities.jp,Female,geocities.jp,04/11/1991,30
1324,Antonetta,McLoney,amcloney71@over-blog.com,Female,over-blog.com,07/05/1995,27
1325,Shaw,Desvignes,sdesvignesaa@businesswire.com,Male,businesswire.com,15/10/1996,25
1326,Allsun,Seacombe,aseacombe8v@thetimes.co.uk,Female,thetimes.co.uk,09/03/1987,35
1327,Flo,Blowen,fblowenbr@vk.com,Female,vk.com,15/04/1996,26
1329,Debby,Ondrusek,dondrusekct@skype.com,Female,skype.com,01/12/1990,31
1331,Helene,Wetheril,hwetherilbv@rakuten.co.jp,Female,rakuten.co.jp,24/10/1993,28
1332,Brnaba,Banger,bbangerbb@ibm.com,Male,ibm.com,18/01/1987,35
1333,Lucille,Pinxton,lpinxton8r@newyorker.com,Female,newyorker.com,15/10/1989,32
1334,Meg,Ryce,mryce24@sitemeter.com,Female,sitemeter.com,11/04/1990,32
1335,Dyana,Tupman,dtupmandd@homestead.com,Female,homestead.com,09/01/1998,24
1336,Grant,Adamides,gadamides4v@dailymotion.com,Male,dailymotion.com,22/08/1991,30
1337,Paulie,Saxelby,psaxelby2j@dropbox.com,Male,dropbox.com,07/11/1985,36
1338,Marje,Kremer,mkremer25@nifty.com,Female,nifty.com,14/04/1991,31
1339,Carly,Orhrt,corhrt4s@weather.com,Female,weather.com,22/09/1991,30
1341,Shanta,Verden,sverden6q@spotify.com,Female,spotify.com,19/05/1990,31
1342,Ernesta,Schmuhl,eschmuhl59@themeforest.net,Female,themeforest.net,21/04/1986,36
1343,Ruggiero,Ragless,rragless7c@un.org,Male,un.org,22/01/1987,35
1344,Kenon,Fraschetti,kfraschettidu@gov.uk,Male,gov.uk,08/12/1997,24
1345,Hussein,Scaddon,hscaddon9q@state.tx.us,Male,state.tx.us,30/10/1986,35
1346,Dionysus,Ryman,dryman6l@issuu.com,Male,issuu.com,02/06/1992,29
1347,Giff,Matei,gmatei4z@hubpages.com,Male,hubpages.com,30/12/1993,28
1348,Curr,Tivnan,ctivnana7@youku.com,Male,youku.com,08/04/1993,29
1349,Raven,Kamien,rkamien2r@nhs.uk,Female,nhs.uk,15/12/1995,26
1350,Gilberta,Hawes,ghawesda@telegraph.co.uk,Female,telegraph.co.uk,20/03/1986,36
1351,Richard,Henryson,rhenryson6z@howstuffworks.com,Male,howstuffworks.com,08/08/1993,28
1352,Felic,Bonome,fbonome12@pbs.org,Male,pbs.org,27/10/1988,33
1354,Matilde,Yeowell,myeowell36@intel.com,Female,intel.com,14/02/1997,25
1355,Anastassia,Burkitt,aburkitt30@illinois.edu,Female,illinois.edu,11/10/1992,29
1357,Marjorie,Jeffs,mjeffs2c@redcross.org,Female,redcross.org,31/12/1987,34
1359,Kikelia,Golbourn,kgolbourn6y@weebly.com,Female,weebly.com,18/02/1999,23
1360,Albrecht,Eschalette,aeschalette45@weibo.com,Male,weibo.com,15/11/1990,31
1361,Emory,Dumper,edumperh@tinypic.com,Male,tinypic.com,27/02/1997,25
1362,Rafael,Bolam,rbolamch@xinhuanet.com,Male,xinhuanet.com,25/12/1993,28
1363,Drusy,Galiero,dgaliero32@amazon.co.uk,Female,amazon.co.uk,15/09/1989,32
1364,Jilli,Keach,jkeach60@tiny.cc,Female,tiny.cc,24/10/1985,36
1366,Kimball,Summerlee,ksummerlee1e@miibeian.gov.cn,Male,miibeian.gov.cn,16/08/1987,34
1367,Vale,Pickup,vpickupc8@springer.com,Female,springer.com,14/03/1999,23
1368,Abdel,Raubheim,araubheim9c@salon.com,Male,salon.com,01/08/1986,35
1370,Jehu,Francecione,jfrancecionece@foxnews.com,Male,foxnews.com,26/10/1998,23
1371,Faulkner,Mould,fmould84@soundcloud.com,Male,soundcloud.com,13/12/1991,30
1372,Starla,Gann,sgannc@technorati.com,Female,technorati.com,10/03/1999,23
1373,Lyn,Beeching,lbeeching94@microsoft.com,Female,microsoft.com,25/06/1987,34
1374,Harriette,Hultberg,hhultbergaa@opera.com,Female,opera.com,28/06/1995,26
1375,Diandra,Dunkley,ddunkleydo@gnu.org,Female,gnu.org,27/12/1987,34
1376,Josi,Slyne,jslyne97@dell.com,Female,dell.com,21/08/1997,24
1377,Kelly,Eldin,keldinai@constantcontact.com,Female,constantcontact.com,17/02/1988,34
1379,Leeann,McAnulty,lmcanultyck@shareasale.com,Female,shareasale.com,10/12/1995,26
1380,Dukie,Byart,dbyartay@ed.gov,Male,ed.gov,04/11/1999,22
1382,Arvin,Riquet,ariquet72@biblegateway.com,Male,biblegateway.com,26/05/1988,33
1383,Paolo,Sawtell,psawtell1a@jigsy.com,Male,jigsy.com,24/05/1991,30
1384,Darcy,Blandamore,dblandamorear@sun.com,Male,sun.com,03/11/1995,26
1385,Caleb,Brunelleschi,cbrunelleschiam@hatena.ne.jp,Male,hatena.ne.jp,19/05/1988,33
1386,Darius,Yerbury,dyerburyb6@linkedin.com,Male,linkedin.com,30/12/1992,29
1387,Cecilius,Murfin,cmurfinc1@xrea.com,Male,xrea.com,15/09/1987,34
1389,Fraze,Starkie,fstarkiea@elpais.com,Male,elpais.com,02/06/1990,31
1390,Jakob,Clayborn,jclayborn4u@tmall.com,Male,tmall.com,17/03/1986,36
1391,Orella,Raulstone,oraulstone3d@webmd.com,Female,webmd.com,05/09/1995,26
1392,Rosina,Rives,rrives9s@google.it,Female,google.it,01/11/1986,35
1394,Wayland,Peteri,wpeteric0@dedecms.com,Male,dedecms.com,13/10/1999,22
1395,Fredelia,Quiddinton,fquiddintonbs@simplemachines.org,Female,simplemachines.org,30/12/1994,27
1396,Con,Grinnikov,cgrinnikov8m@macromedia.com,Male,macromedia.com,23/01/1997,25
1397,Krystle,Shill,kshill3g@intel.com,Female,intel.com,21/07/1995,26
1398,Pembroke,Raubheim,praubheim9g@cmu.edu,Male,cmu.edu,07/08/1998,23
1399,Jarrod,Stendell,jstendellb@google.co.jp,Male,google.co.jp,30/01/1985,37
1400,Barnett,MacColgan,bmaccolgano@list-manage.com,Male,list-manage.com,14/09/1986,35
1401,Fletcher,Remer,fremer1j@aol.com,Male,aol.com,27/11/1995,26
1403,Clarita,Louw,clouw4x@independent.co.uk,Female,independent.co.uk,17/09/1993,28
1404,Coretta,Keetley,ckeetleya2@cam.ac.uk,Female,cam.ac.uk,06/07/1992,29
1406,Aliza,Woollcott,awoollcottbg@state.gov,Female,state.gov,24/06/1988,33
1408,Nedda,Odlin,nodlin19@census.gov,Female,census.gov,19/03/1989,33
1409,Kym,Habbergham,khabbergham62@google.fr,Female,google.fr,17/03/1993,29
1410,Amil,Kernoghan,akernoghan3a@rambler.ru,Female,rambler.ru,30/05/1993,28
1411,Alfie,Whaley,awhaleyar@tamu.edu,Male,tamu.edu,09/09/1991,30
1412,Emmett,Shimuk,eshimuk5y@microsoft.com,Male,microsoft.com,19/04/1986,36
1413,Graeme,Glazier,gglazierah@godaddy.com,Male,godaddy.com,02/04/1997,25
1414,Tandie,Savege,tsavegeb@netlog.com,Female,netlog.com,23/05/1997,24
1415,Rodi,Bunstone,rbunstoneaf@arizona.edu,Female,arizona.edu,30/11/1990,31
1416,Van,Antusch,vantusch4d@amazon.com,Male,amazon.com,02/10/1998,23
1417,Idalina,Regus,iregus2n@spiegel.de,Female,spiegel.de,22/04/1995,27
1418,Robyn,Castellino,rcastellino1u@4shared.com,Female,4shared.com,20/08/1999,22
1419,Jabez,Dorbin,jdorbin4u@jiathis.com,Male,jiathis.com,25/05/1998,23
1420,Sherwin,Hutchings,shutchings3n@creativecommons.org,Male,creativecommons.org,11/10/1997,24
1421,Forester,Deshon,fdeshon58@sourceforge.net,Male,sourceforge.net,20/06/1987,34
1422,Art,Haggerwood,ahaggerwoodw@mozilla.com,Male,mozilla.com,30/01/1995,27
1423,Rickey,Sunley,rsunleycn@ihg.com,Male,ihg.com,17/11/1992,29
1424,Ignacio,Ianinotti,iianinotticf@lulu.com,Male,lulu.com,08/09/1985,36
1425,Debbi,Borrill,dborrill1p@comcast.net,Female,comcast.net,01/04/1990,32
1426,Gareth,Spino,gspinobc@usda.gov,Male,usda.gov,01/12/1989,32
1427,Hazlett,Sallery,hsallery25@baidu.com,Male,baidu.com,11/02/1992,30
1428,Barnabas,Northen,bnorthen2w@sciencedaily.com,Male,sciencedaily.com,13/04/1990,32
1429,Glen,Beadles,gbeadles56@mozilla.org,Female,mozilla.org,16/05/1995,27
1430,Anselma,Crossthwaite,acrossthwaite1j@php.net,Female,php.net,25/03/1987,35
1431,Laura,Geach,lgeach86@amazon.com,Female,amazon.com,17/01/1995,27
1432,Emmanuel,Cinavas,ecinavas9e@github.io,Male,github.io,29/09/1994,27
1433,Wakefield,Chattelaine,wchattelaine50@dion.ne.jp,Male,dion.ne.jp,03/12/1990,31
1434,Orv,Huffey,ohuffey3a@ask.com,Male,ask.com,28/05/1989,32
1435,Lorant,Peschet,lpeschetcn@freewebs.com,Male,freewebs.com,23/08/1991,30
1436,Connie,Hardcastle,chardcastleba@typepad.com,Male,typepad.com,26/07/1998,23
1437,Leonidas,Webben,lwebben4d@constantcontact.com,Male,constantcontact.com,12/03/1996,26
1438,Debi,Izacenko,dizacenko4a@wix.com,Female,wix.com,02/12/1991,30
1439,Maddalena,Orford,morford9@youtu.be,Female,youtu.be,16/06/1985,36
1441,Elonore,Screase,escrease4v@time.com,Female,time.com,01/12/1994,27
1442,Ariel,Lowery,alowery36@illinois.edu,Male,illinois.edu,29/06/1988,33
1443,Angie,Jirus,ajirusbe@mail.ru,Male,mail.ru,01/10/1988,33
1444,Terese,Bolwell,tbolwell6w@guardian.co.uk,Female,guardian.co.uk,15/11/1998,23
1445,Dalila,Vanichev,dvanichev6h@smugmug.com,Female,smugmug.com,18/10/1987,34
1446,Caty,Dowry,cdowry6m@wordpress.com,Female,wordpress.com,06/02/1988,34
1447,Aime,O'Lahy,aolahyf@berkeley.edu,Female,berkeley.edu,26/01/1998,24
1448,Teresita,Worner,tworner5n@dedecms.com,Female,dedecms.com,04/12/1994,27
1449,Ike,Godby,igodbyac@example.com,Male,example.com,22/05/1999,22
1450,Archibold,Audsley,aaudsley9n@scientificamerican.com,Male,scientificamerican.com,10/06/1990,31
1451,Wilbert,Zambon,wzambon6k@mac.com,Male,mac.com,08/06/1999,22
1453,Travis,Daggett,tdaggettcj@businessinsider.com,Male,businessinsider.com,11/12/1995,26
1454,Kendell,Gillatt,kgillatt79@moonfruit.com,Male,moonfruit.com,28/07/1995,26
1455,Van,Sigward,vsigward5z@ameblo.jp,Female,ameblo.jp,23/09/1994,27
1457,Annette,Le Count,alecount7u@webeden.co.uk,Female,webeden.co.uk,18/05/1988,33
1458,Garold,Sunshine,gsunshine2t@wix.com,Male,wix.com,13/04/1991,31
1459,Benedick,Franciotti,bfranciottia8@topsy.com,Male,topsy.com,29/10/1991,30
1460,Miriam,Withull,mwithullbu@unicef.org,Female,unicef.org,16/05/1985,37
1461,Mara,Souster,msouster4t@mozilla.com,Female,mozilla.com,26/07/1986,35
1462,Ursulina,Ragless,uraglessj@senate.gov,Female,senate.gov,01/09/1998,23
1463,Dallas,Sunley,dsunleyai@cnet.com,Male,cnet.com,23/10/1997,24
1464,Kristine,Mourton,kmourton29@usnews.com,Female,usnews.com,18/07/1992,29
1466,Ancell,Dykas,adykascl@blogspot.com,Male,blogspot.com,17/07/1988,33
1467,Fenelia,Adan,fadandv@google.ru,Female,google.ru,19/01/1988,34
1468,Shermie,Le Marchant,slemarchant6o@ycombinator.com,Male,ycombinator.com,11/02/1992,30
1469,Norene,O'Kuddyhy,nokuddyhycx@chronoengine.com,Female,chronoengine.com,19/03/1987,35
1470,Lamont,MacGarrity,lmacgarrityc3@who.int,Male,who.int,28/08/1991,30
1471,Christi,Hadny,chadnyd7@wordpress.org,Female,wordpress.org,25/07/1995,26
1472,Tierney,Greatbach,tgreatbach6z@mapquest.com,Female,mapquest.com,18/01/1985,37
1473,Haven,Birdall,hbirdallcz@nbcnews.com,Male,nbcnews.com,02/04/1991,31
1474,Murielle,Burwell,mburwelld1@ehow.com,Female,ehow.com,10/12/1998,23
1475,Sheffie,Lashmore,slashmore6d@timesonline.co.uk,Male,timesonline.co.uk,22/07/1995,26
1476,Woodman,Aprahamian,waprahamian5g@scribd.com,Male,scribd.com,21/09/1996,25
1478,Welbie,Hepher,whepherc6@jiathis.com,Male,jiathis.com,11/06/1991,30
1479,Paddy,Olland,polland42@unc.edu,Male,unc.edu,25/08/1985,36
1480,Tristan,Tellesson,ttellesson11@blogger.com,Male,blogger.com,28/06/1991,30
1481,Kerr,Brands,kbrandsap@artisteer.com,Male,artisteer.com,12/05/1995,27
1482,Olivier,Altamirano,oaltamirano3z@sourceforge.net,Male,sourceforge.net,01/04/1997,25
1483,Dorthea,Lyndon,dlyndon8n@hostgator.com,Female,hostgator.com,17/02/1999,23
1484,Holli,Snibson,hsnibsoncy@cornell.edu,Female,cornell.edu,22/06/1991,30
1485,Bobby,Dysart,bdysart7b@nih.gov,Male,nih.gov,20/04/1986,36
1486,Rhiamon,Rhubottom,rrhubottomb9@mozilla.org,Female,mozilla.org,18/12/1985,36
1487,Ahmed,Philott,aphilott3v@weibo.com,Male,weibo.com,18/11/1998,23
1488,Lorrie,Bonanno,lbonannocq@deviantart.com,Male,deviantart.com,06/03/1993,29
1489,Aleen,Wise,awise9a@tinypic.com,Female,tinypic.com,02/07/1986,35
1490,Henka,Lantaff,hlantaffd7@unesco.org,Female,unesco.org,02/06/1998,23
1491,Kennie,Beaumont,kbeaumont5d@com.com,Male,com.com,26/02/1986,36
1493,Kerrie,Leavry,kleavry7c@istockphoto.com,Female,istockphoto.com,31/12/1994,27
1494,Fernando,Hawkslee,fhawkslee9p@skyrock.com,Male,skyrock.com,17/10/1991,30
1495,Vito,Stanluck,vstanluckcw@123-reg.co.uk,Male,123-reg.co.uk,05/04/1985,37
1496,Demetria,Spear,dspear4f@whitehouse.gov,Female,whitehouse.gov,29/09/1997,24
1497,Kristina,Rosellini,krosellini3u@home.pl,Female,home.pl,03/06/1996,25
1498,Aharon,Kepp,akepp2o@intel.com,Male,intel.com,20/03/1985,37
1499,Kesley,Dunton,kdunton9v@buzzfeed.com,Female,buzzfeed.com,05/09/1987,34
